tick,time_sec,spike_order,is_active,root_id,ring_index,angle_deg,hemibrain_type,side
0,0.000000,-1,0,720575940603919537,0,0.000000,ER1,left
0,0.000000,-1,0,720575940608909870,1,1.294964,ER1,left
0,0.000000,-1,0,720575940612351510,2,2.589928,ER1,left
0,0.000000,-1,0,720575940613686442,3,3.884892,ER1,left
0,0.000000,-1,0,720575940617517691,4,5.179856,ER1,left
0,0.000000,-1,0,720575940617724107,5,6.474820,ER1,left
0,0.000000,-1,0,720575940618618350,6,7.769784,ER1,left
0,0.000000,-1,0,720575940619843845,7,9.064748,ER1,left
0,0.000000,-1,0,720575940628907607,8,10.359712,ER1,left
0,0.000000,-1,0,720575940628984950,9,11.654676,ER1,left
0,0.000000,-1,0,720575940629116716,10,12.949640,ER1,left
0,0.000000,-1,0,720575940629259023,11,14.244604,ER1,left
0,0.000000,-1,0,720575940631895065,12,15.539568,ER1,left
0,0.000000,-1,0,720575940634620898,13,16.834532,ER1,left
0,0.000000,-1,0,720575940639239908,14,18.129496,ER1,left
0,0.000000,-1,0,720575940616946662,15,19.424460,ER1,right
0,0.000000,-1,0,720575940619072158,16,20.719424,ER1,right
0,0.000000,-1,0,720575940620448681,17,22.014388,ER1,right
0,0.000000,-1,0,720575940621065677,18,23.309353,ER1,right
0,0.000000,-1,0,720575940622811636,19,24.604317,ER1,right
0,0.000000,-1,0,720575940626315975,20,25.899281,ER1,right
0,0.000000,-1,0,720575940626329841,21,27.194245,ER1,right
0,0.000000,-1,0,720575940626336381,22,28.489209,ER1,right
0,0.000000,-1,0,720575940629379835,23,29.784173,ER1,right
0,0.000000,-1,0,720575940630574895,24,31.079137,ER1,right
0,0.000000,-1,0,720575940636134366,25,32.374101,ER1,right
0,0.000000,-1,0,720575940636222810,26,33.669065,ER1,right
0,0.000000,-1,0,720575940638594768,27,34.964029,ER1,right
0,0.000000,-1,0,720575940653031585,28,36.258993,ER1,right
0,0.000000,-1,0,720575940606597298,29,37.553957,ER2,left
0,0.000000,-1,0,720575940606951893,30,38.848921,ER2,left
0,0.000000,-1,0,720575940611048306,31,40.143885,ER2,left
0,0.000000,-1,0,720575940614686943,32,41.438849,ER2,left
0,0.000000,-1,0,720575940615089494,33,42.733813,ER2,left
0,0.000000,-1,0,720575940615843985,34,44.028777,ER2,left
0,0.000000,-1,0,720575940617098580,35,45.323741,ER2,left
0,0.000000,-1,0,720575940620668069,36,46.618705,ER2,left
0,0.000000,-1,0,720575940620872669,37,47.913669,ER2,left
0,0.000000,-1,0,720575940621341716,38,49.208633,ER2,left
0,0.000000,-1,0,720575940621905869,39,50.503597,ER2,left
0,0.000000,-1,0,720575940622939124,40,51.798561,ER2,left
0,0.000000,-1,0,720575940624004752,41,53.093525,ER2,left
0,0.000000,-1,0,720575940626458897,42,54.388489,ER2,left
0,0.000000,-1,0,720575940627499520,43,55.683453,ER2,left
0,0.000000,-1,0,720575940629683062,44,56.978417,ER2,left
0,0.000000,-1,0,720575940636395610,45,58.273381,ER2,left
0,0.000000,-1,0,720575940637862062,46,59.568345,ER2,left
0,0.000000,-1,0,720575940639426805,47,60.863309,ER2,left
0,0.000000,-1,0,720575940645990532,48,62.158273,ER2,left
0,0.000000,-1,0,720575940650293494,49,63.453237,ER2,left
0,0.000000,-1,0,720575940604967270,50,64.748201,ER2,right
0,0.000000,-1,0,720575940610208917,51,66.043165,ER2,right
0,0.000000,-1,0,720575940616197021,52,67.338129,ER2,right
0,0.000000,-1,0,720575940616328517,53,68.633094,ER2,right
0,0.000000,-1,0,720575940617630001,54,69.928058,ER2,right
0,0.000000,-1,0,720575940619185830,55,71.223022,ER2,right
0,0.000000,-1,0,720575940620084604,56,72.517986,ER2,right
0,0.000000,-1,0,720575940620139643,57,73.812950,ER2,right
0,0.000000,-1,0,720575940621569930,58,75.107914,ER2,right
0,0.000000,-1,0,720575940625366846,59,76.402878,ER2,right
0,0.000000,-1,0,720575940625659028,60,77.697842,ER2,right
0,0.000000,-1,0,720575940626243965,61,78.992806,ER2,right
0,0.000000,-1,0,720575940628362812,62,80.287770,ER2,right
0,0.000000,-1,0,720575940628733292,63,81.582734,ER2,right
0,0.000000,-1,0,720575940628788332,64,82.877698,ER2,right
0,0.000000,-1,0,720575940632988351,65,84.172662,ER2,right
0,0.000000,-1,0,720575940635373935,66,85.467626,ER2,right
0,0.000000,-1,0,720575940636940870,67,86.762590,ER2,right
0,0.000000,-1,0,720575940637487593,68,88.057554,ER2,right
0,0.000000,-1,0,720575940643020836,69,89.352518,ER2,right
0,0.000000,-1,0,720575940603094700,70,90.647482,ER3a,left
0,0.000000,-1,0,720575940603895584,71,91.942446,ER3a,left
0,0.000000,-1,0,720575940610602410,72,93.237410,ER3a,left
0,0.000000,-1,0,720575940616501919,73,94.532374,ER3a,left
0,0.000000,-1,0,720575940616505759,74,95.827338,ER3a,left
0,0.000000,-1,0,720575940616893746,75,97.122302,ER3a,left
0,0.000000,-1,0,720575940619661632,76,98.417266,ER3a,left
0,0.000000,-1,0,720575940622433140,77,99.712230,ER3a,left
0,0.000000,-1,0,720575940628007171,78,101.007194,ER3a,left
0,0.000000,-1,0,720575940628140785,79,102.302158,ER3a,left
0,0.000000,-1,0,720575940629511802,80,103.597122,ER3a,left
0,0.000000,-1,0,720575940630348140,81,104.892086,ER3a,left
0,0.000000,-1,0,720575940630545489,82,106.187050,ER3a,left
0,0.000000,-1,0,720575940639214655,83,107.482014,ER3a,left
0,0.000000,-1,0,720575940639426293,84,108.776978,ER3a,left
0,0.000000,-1,0,720575940641112192,85,110.071942,ER3a,left
0,0.000000,-1,0,720575940648569988,86,111.366906,ER3a,left
0,0.000000,-1,0,720575940650785657,87,112.661871,ER3a,left
0,0.000000,-1,0,720575940607621059,88,113.956835,ER3a,right
0,0.000000,-1,0,720575940613152423,89,115.251799,ER3a,right
0,0.000000,-1,0,720575940616507807,90,116.546763,ER3a,right
0,0.000000,-1,0,720575940618103513,91,117.841727,ER3a,right
0,0.000000,-1,0,720575940618508518,92,119.136691,ER3a,right
0,0.000000,-1,0,720575940619104539,93,120.431655,ER3a,right
0,0.000000,-1,0,720575940620010405,94,121.726619,ER3a,right
0,0.000000,-1,0,720575940620880007,95,123.021583,ER3a,right
0,0.000000,-1,0,720575940621584068,96,124.316547,ER3a,right
0,0.000000,-1,0,720575940622227550,97,125.611511,ER3a,right
0,0.000000,-1,0,720575940622991252,98,126.906475,ER3a,right
0,0.000000,-1,0,720575940623441996,99,128.201439,ER3a,right
0,0.000000,-1,0,720575940625276745,100,129.496403,ER3a,right
0,0.000000,-1,0,720575940626291998,101,130.791367,ER3a,right
0,0.000000,-1,0,720575940628093895,102,132.086331,ER3a,right
0,0.000000,-1,0,720575940632318751,103,133.381295,ER3a,right
0,0.000000,-1,0,720575940632852793,104,134.676259,ER3a,right
0,0.000000,-1,0,720575940637279095,105,135.971223,ER3a,right
0,0.000000,-1,0,720575940639209461,106,137.266187,ER3a,right
0,0.000000,-1,0,720575940602783968,107,138.561151,ER3d,left
0,0.000000,-1,0,720575940607246549,108,139.856115,ER3d,left
0,0.000000,-1,0,720575940611669987,109,141.151079,ER3d,left
0,0.000000,-1,0,720575940611946194,110,142.446043,ER3d,left
0,0.000000,-1,0,720575940612127151,111,143.741007,ER3d,left
0,0.000000,-1,0,720575940612631970,112,145.035971,ER3d,left
0,0.000000,-1,0,720575940612916114,113,146.330935,ER3d,left
0,0.000000,-1,0,720575940613338521,114,147.625899,ER3d,left
0,0.000000,-1,0,720575940615526289,115,148.920863,ER3d,left
0,0.000000,-1,0,720575940616542277,116,150.215827,ER3d,left
0,0.000000,-1,0,720575940616891698,117,151.510791,ER3d,left
0,0.000000,-1,0,720575940617425781,118,152.805755,ER3d,left
0,0.000000,-1,0,720575940619014941,119,154.100719,ER3d,left
0,0.000000,-1,0,720575940621749226,120,155.395683,ER3d,left
0,0.000000,-1,0,720575940622030861,121,156.690647,ER3d,left
0,0.000000,-1,0,720575940623201789,122,157.985612,ER3d,left
0,0.000000,-1,0,720575940624135060,123,159.280576,ER3d,left
0,0.000000,-1,0,720575940624356234,124,160.575540,ER3d,left
0,0.000000,-1,0,720575940625233445,125,161.870504,ER3d,left
0,0.000000,-1,0,720575940627701609,126,163.165468,ER3d,left
0,0.000000,-1,0,720575940628317715,127,164.460432,ER3d,left
0,0.000000,-1,0,720575940629840207,128,165.755396,ER3d,left
0,0.000000,-1,0,720575940632994399,129,167.050360,ER3d,left
0,0.000000,-1,0,720575940633006176,130,168.345324,ER3d,left
0,0.000000,-1,0,720575940636413176,131,169.640288,ER3d,left
0,0.000000,-1,0,720575940606591836,132,170.935252,ER3d,right
0,0.000000,-1,0,720575940606763110,133,172.230216,ER3d,right
0,0.000000,-1,0,720575940611960274,134,173.525180,ER3d,right
0,0.000000,-1,0,720575940614073315,135,174.820144,ER3d,right
0,0.000000,-1,0,720575940616205083,136,176.115108,ER3d,right
0,0.000000,-1,0,720575940616445250,137,177.410072,ER3d,right
0,0.000000,-1,0,720575940617187329,138,178.705036,ER3d,right
0,0.000000,-1,0,720575940619658111,139,180.000000,ER3d,right
0,0.000000,-1,0,720575940619767744,140,181.294964,ER3d,right
0,0.000000,-1,0,720575940619829765,141,182.589928,ER3d,right
0,0.000000,-1,0,720575940621155092,142,183.884892,ER3d,right
0,0.000000,-1,0,720575940624783287,143,185.179856,ER3d,right
0,0.000000,-1,0,720575940625218685,144,186.474820,ER3d,right
0,0.000000,-1,0,720575940625464328,145,187.769784,ER3d,right
0,0.000000,-1,0,720575940625506027,146,189.064748,ER3d,right
0,0.000000,-1,0,720575940626827024,147,190.359712,ER3d,right
0,0.000000,-1,0,720575940627161700,148,191.654676,ER3d,right
0,0.000000,-1,0,720575940627299227,149,192.949640,ER3d,right
0,0.000000,-1,0,720575940627299483,150,194.244604,ER3d,right
0,0.000000,-1,0,720575940627958046,151,195.539568,ER3d,right
0,0.000000,-1,0,720575940629244166,152,196.834532,ER3d,right
0,0.000000,-1,0,720575940629711376,153,198.129496,ER3d,right
0,0.000000,-1,0,720575940630755276,154,199.424460,ER3d,right
0,0.000000,-1,0,720575940632602850,155,200.719424,ER3d,right
0,0.000000,-1,0,720575940633631789,156,202.014388,ER3d,right
0,0.000000,-1,0,720575940645179592,157,203.309353,ER3d,right
0,0.000000,-1,0,720575940607245781,158,204.604317,ER3m,left
0,0.000000,-1,0,720575940610675123,159,205.899281,ER3m,left
0,0.000000,-1,0,720575940612916370,160,207.194245,ER3m,left
0,0.000000,-1,0,720575940622252493,161,208.489209,ER3m,left
0,0.000000,-1,0,720575940626887171,162,209.784173,ER3m,left
0,0.000000,-1,0,720575940627128216,163,211.079137,ER3m,left
0,0.000000,-1,0,720575940627129786,164,212.374101,ER3m,left
0,0.000000,-1,0,720575940630022395,165,213.669065,ER3m,left
0,0.000000,-1,0,720575940631084751,166,214.964029,ER3m,left
0,0.000000,-1,0,720575940605837024,167,216.258993,ER3m,right
0,0.000000,-1,0,720575940609621003,168,217.553957,ER3m,right
0,0.000000,-1,0,720575940610263665,169,218.848921,ER3m,right
0,0.000000,-1,0,720575940613676402,170,220.143885,ER3m,right
0,0.000000,-1,0,720575940616441410,171,221.438849,ER3m,right
0,0.000000,-1,0,720575940618045986,172,222.733813,ER3m,right
0,0.000000,-1,0,720575940630658807,173,224.028777,ER3m,right
0,0.000000,-1,0,720575940613825695,174,225.323741,ER3p,left
0,0.000000,-1,0,720575940615444882,175,226.618705,ER3p,left
0,0.000000,-1,0,720575940618782912,176,227.913669,ER3p,left
0,0.000000,-1,0,720575940620026502,177,229.208633,ER3p,left
0,0.000000,-1,0,720575940623559974,178,230.503597,ER3p,left
0,0.000000,-1,0,720575940631173120,179,231.798561,ER3p,left
0,0.000000,-1,0,720575940631246765,180,233.093525,ER3p,left
0,0.000000,-1,0,720575940633237402,181,234.388489,ER3p,left
0,0.000000,-1,0,720575940637699747,182,235.683453,ER3p,left
0,0.000000,-1,0,720575940613700674,183,236.978417,ER3p,right
0,0.000000,-1,0,720575940618732782,184,238.273381,ER3p,right
0,0.000000,-1,0,720575940619477232,185,239.568345,ER3p,right
0,0.000000,-1,0,720575940619957786,186,240.863309,ER3p,right
0,0.000000,-1,0,720575940622431305,187,242.158273,ER3p,right
0,0.000000,-1,0,720575940640424589,188,243.453237,ER3p,right
0,0.000000,-1,0,720575940640424845,189,244.748201,ER3p,right
0,0.000000,-1,0,720575940647731833,190,246.043165,ER3p,right
0,0.000000,-1,0,720575940607039957,191,247.338129,ER3w,left
0,0.000000,-1,0,720575940607040981,192,248.633094,ER3w,left
0,0.000000,-1,0,720575940612238255,193,249.928058,ER3w,left
0,0.000000,-1,0,720575940616584607,194,251.223022,ER3w,left
0,0.000000,-1,0,720575940622974707,195,252.517986,ER3w,left
0,0.000000,-1,0,720575940623297038,196,253.812950,ER3w,left
0,0.000000,-1,0,720575940625671441,197,255.107914,ER3w,left
0,0.000000,-1,0,720575940625864360,198,256.402878,ER3w,left
0,0.000000,-1,0,720575940626261480,199,257.697842,ER3w,left
0,0.000000,-1,0,720575940627877114,200,258.992806,ER3w,left
0,0.000000,-1,0,720575940638549574,201,260.287770,ER3w,left
0,0.000000,-1,0,720575940639234367,202,261.582734,ER3w,left
0,0.000000,-1,0,720575940610505701,203,262.877698,ER3w,right
0,0.000000,-1,0,720575940611856760,204,264.172662,ER3w,right
0,0.000000,-1,0,720575940612979090,205,265.467626,ER3w,right
0,0.000000,-1,0,720575940616025378,206,266.762590,ER3w,right
0,0.000000,-1,0,720575940618306469,207,268.057554,ER3w,right
0,0.000000,-1,0,720575940621066776,208,269.352518,ER3w,right
0,0.000000,-1,0,720575940624470812,209,270.647482,ER3w,right
0,0.000000,-1,0,720575940626363654,210,271.942446,ER3w,right
0,0.000000,-1,0,720575940626421578,211,273.237410,ER3w,right
0,0.000000,-1,0,720575940631248865,212,274.532374,ER3w,right
0,0.000000,-1,0,720575940637681267,213,275.827338,ER3w,right
0,0.000000,-1,0,720575940640760179,214,277.122302,ER3w,right
0,0.000000,-1,0,720575940653326326,215,278.417266,ER3w,right
0,0.000000,-1,0,720575940622342576,216,279.712230,ER4d,left
0,0.000000,-1,0,720575940622609299,217,281.007194,ER4d,left
0,0.000000,-1,0,720575940623466632,218,282.302158,ER4d,left
0,0.000000,-1,0,720575940623698324,219,283.597122,ER4d,left
0,0.000000,-1,0,720575940624180263,220,284.892086,ER4d,left
0,0.000000,-1,0,720575940625516830,221,286.187050,ER4d,left
0,0.000000,-1,0,720575940625871949,222,287.482014,ER4d,left
0,0.000000,-1,0,720575940626456083,223,288.776978,ER4d,left
0,0.000000,-1,0,720575940629733114,224,290.071942,ER4d,left
0,0.000000,-1,0,720575940630904121,225,291.366906,ER4d,left
0,0.000000,-1,0,720575940631487047,226,292.661871,ER4d,left
0,0.000000,-1,0,720575940652702710,227,293.956835,ER4d,left
0,0.000000,-1,0,720575940603964774,228,295.251799,ER4d,right
0,0.000000,-1,0,720575940604842924,229,296.546763,ER4d,right
0,0.000000,-1,0,720575940606102729,230,297.841727,ER4d,right
0,0.000000,-1,0,720575940619254704,231,299.136691,ER4d,right
0,0.000000,-1,0,720575940623219463,232,300.431655,ER4d,right
0,0.000000,-1,0,720575940624373837,233,301.726619,ER4d,right
0,0.000000,-1,0,720575940625511762,234,303.021583,ER4d,right
0,0.000000,-1,0,720575940627890072,235,304.316547,ER4d,right
0,0.000000,-1,0,720575940628014488,236,305.611511,ER4d,right
0,0.000000,-1,0,720575940629213639,237,306.906475,ER4d,right
0,0.000000,-1,0,720575940629720848,238,308.201439,ER4d,right
0,0.000000,-1,0,720575940635152153,239,309.496403,ER4d,right
0,0.000000,-1,0,720575940642877088,240,310.791367,ER4d,right
0,0.000000,-1,0,720575940643915300,241,312.086331,ER4d,right
0,0.000000,-1,0,720575940615324670,242,313.381295,ER4m,left
0,0.000000,-1,0,720575940628491260,243,314.676259,ER4m,left
0,0.000000,-1,0,720575940629268486,244,315.971223,ER4m,left
0,0.000000,-1,0,720575940630976886,245,317.266187,ER4m,left
0,0.000000,-1,0,720575940632598343,246,318.561151,ER4m,left
0,0.000000,-1,0,720575940640026045,247,319.856115,ER4m,left
0,0.000000,-1,0,720575940615865238,248,321.151079,ER4m,right
0,0.000000,-1,0,720575940619436342,249,322.446043,ER4m,right
0,0.000000,-1,0,720575940631093303,250,323.741007,ER4m,right
0,0.000000,-1,0,720575940634096339,251,325.035971,ER4m,right
0,0.000000,-1,0,720575940635759002,252,326.330935,ER4m,right
0,0.000000,-1,0,720575940612208754,253,327.625899,ER5,left
0,0.000000,-1,0,720575940616539990,254,328.920863,ER5,left
0,0.000000,-1,0,720575940616752155,255,330.215827,ER5,left
0,0.000000,-1,0,720575940617483860,256,331.510791,ER5,left
0,0.000000,-1,0,720575940624108862,257,332.805755,ER5,left
0,0.000000,-1,0,720575940628212796,258,334.100719,ER5,left
0,0.000000,-1,0,720575940630895789,259,335.395683,ER5,left
0,0.000000,-1,0,720575940631813796,260,336.690647,ER5,left
0,0.000000,-1,0,720575940631820825,261,337.985612,ER5,left
0,0.000000,-1,0,720575940632385066,262,339.280576,ER5,left
0,0.000000,-1,0,720575940615650022,263,340.575540,ER5,right
0,0.000000,-1,0,720575940620169851,264,341.870504,ER5,right
0,0.000000,-1,0,720575940624837453,265,343.165468,ER5,right
0,0.000000,-1,0,720575940625829192,266,344.460432,ER5,right
0,0.000000,-1,0,720575940626610960,267,345.755396,ER5,right
0,0.000000,-1,0,720575940628772345,268,347.050360,ER5,right
0,0.000000,-1,0,720575940631416057,269,348.345324,ER5,right
0,0.000000,-1,0,720575940632366879,270,349.640288,ER5,right
0,0.000000,-1,0,720575940637126222,271,350.935252,ER5,right
0,0.000000,-1,0,720575940638169456,272,352.230216,ER5,right
0,0.000000,-1,0,720575940652809889,273,353.525180,ER5,right
0,0.000000,-1,0,720575940630569272,274,354.820144,ER6,left
0,0.000000,-1,0,720575940631154743,275,356.115108,ER6,left
0,0.000000,-1,0,720575940616506527,276,357.410072,ER6,right
0,0.000000,-1,0,720575940617523174,277,358.705036,ER6,right
994,0.099400,12,1,720575940622811636,19,24.604317,ER1,right
1058,0.105800,14,1,720575940628140785,79,102.302158,ER3a,left
1065,0.106500,18,1,720575940627161700,148,191.654676,ER3d,right
1068,0.106800,7,1,720575940619661632,76,98.417266,ER3a,left
1073,0.107300,2,1,720575940611960274,134,173.525180,ER3d,right
1132,0.113200,17,1,720575940632598343,246,318.561151,ER4m,left
1140,0.114000,7,1,720575940615650022,263,340.575540,ER5,right
1143,0.114300,14,1,720575940622811636,19,24.604317,ER1,right
1156,0.115600,15,1,720575940629244166,152,196.834532,ER3d,right
1156,0.115600,19,1,720575940631093303,250,323.741007,ER4m,right
1157,0.115700,11,1,720575940627161700,148,191.654676,ER3d,right
1165,0.116500,1,1,720575940611960274,134,173.525180,ER3d,right
1167,0.116700,22,1,720575940631820825,261,337.985612,ER5,left
1172,0.117200,9,1,720575940618732782,184,238.273381,ER3p,right
1176,0.117600,7,1,720575940615324670,242,313.381295,ER4m,left
1216,0.121600,2,1,720575940615650022,263,340.575540,ER5,right
1216,0.121600,21,1,720575940628140785,79,102.302158,ER3a,left
1229,0.122900,20,1,720575940632598343,246,318.561151,ER4m,left
1240,0.124000,22,1,720575940638594768,27,34.964029,ER1,right
1248,0.124800,11,1,720575940619661632,76,98.417266,ER3a,left
1252,0.125200,15,1,720575940627161700,148,191.654676,ER3d,right
1262,0.126200,1,1,720575940611960274,134,173.525180,ER3d,right
1275,0.127500,13,1,720575940622811636,19,24.604317,ER1,right
1275,0.127500,27,1,720575940631093303,250,323.741007,ER4m,right
1279,0.127900,9,1,720575940616197021,52,67.338129,ER2,right
1279,0.127900,14,1,720575940618732782,184,238.273381,ER3p,right
1284,0.128400,27,1,720575940643020836,69,89.352518,ER2,right
1288,0.128800,21,1,720575940629244166,152,196.834532,ER3d,right
1307,0.130700,24,1,720575940631820825,261,337.985612,ER5,left
1310,0.131000,3,1,720575940615324670,242,313.381295,ER4m,left
1311,0.131100,0,1,720575940604967270,50,64.748201,ER2,right
1315,0.131500,27,1,720575940632598343,246,318.561151,ER4m,left
1330,0.133000,5,1,720575940615650022,263,340.575540,ER5,right
1347,0.134700,33,1,720575940653326326,215,278.417266,ER3w,right
1348,0.134800,22,1,720575940627161700,148,191.654676,ER3d,right
1359,0.135900,2,1,720575940611960274,134,173.525180,ER3d,right
1363,0.136300,33,1,720575940643020836,69,89.352518,ER2,right
1364,0.136400,22,1,720575940631093303,250,323.741007,ER4m,right
1365,0.136500,12,1,720575940628140785,79,102.302158,ER3a,left
1374,0.137400,2,1,720575940616197021,52,67.338129,ER2,right
1394,0.139400,21,1,720575940622811636,19,24.604317,ER1,right
1396,0.139600,6,1,720575940618732782,184,238.273381,ER3p,right
1409,0.140900,28,1,720575940632598343,246,318.561151,ER4m,left
1410,0.141000,5,1,720575940615324670,242,313.381295,ER4m,left
1420,0.142000,22,1,720575940631820825,261,337.985612,ER5,left
1421,0.142100,12,1,720575940629244166,152,196.834532,ER3d,right
1431,0.143100,12,1,720575940619661632,76,98.417266,ER3a,left
1436,0.143600,0,1,720575940604967270,50,64.748201,ER2,right
1440,0.144000,4,1,720575940615650022,263,340.575540,ER5,right
1451,0.145100,22,1,720575940631093303,250,323.741007,ER4m,right
1452,0.145200,13,1,720575940627161700,148,191.654676,ER3d,right
1456,0.145600,3,1,720575940611960274,134,173.525180,ER3d,right
1456,0.145600,24,1,720575940643020836,69,89.352518,ER2,right
1462,0.146200,31,1,720575940637681267,213,275.827338,ER3w,right
1472,0.147200,39,1,720575940653326326,215,278.417266,ER3w,right
1474,0.147400,4,1,720575940616197021,52,67.338129,ER2,right
1496,0.149600,33,1,720575940638594768,27,34.964029,ER1,right
1497,0.149700,25,1,720575940632598343,246,318.561151,ER4m,left
1507,0.150700,12,1,720575940618732782,184,238.273381,ER3p,right
1515,0.151500,3,1,720575940615324670,242,313.381295,ER4m,left
1522,0.152200,26,1,720575940628140785,79,102.302158,ER3a,left
1526,0.152600,11,1,720575940622811636,19,24.604317,ER1,right
1534,0.153400,32,1,720575940631820825,261,337.985612,ER5,left
1540,0.154000,6,1,720575940629244166,152,196.834532,ER3d,right
1541,0.154100,10,1,720575940622252493,161,208.489209,ER3m,left
1547,0.154700,1,1,720575940615650022,263,340.575540,ER5,right
1547,0.154700,29,1,720575940643020836,69,89.352518,ER2,right
1550,0.155000,19,1,720575940631093303,250,323.741007,ER4m,right
1552,0.155200,16,1,720575940627161700,148,191.654676,ER3d,right
1553,0.155300,8,1,720575940611960274,134,173.525180,ER3d,right
1554,0.155400,1,1,720575940604967270,50,64.748201,ER2,right
1564,0.156400,28,1,720575940653326326,215,278.417266,ER3w,right
1566,0.156600,29,1,720575940637681267,213,275.827338,ER3w,right
1567,0.156700,9,1,720575940616197021,52,67.338129,ER2,right
1571,0.157100,14,1,720575940619661632,76,98.417266,ER3a,left
1585,0.158500,16,1,720575940632598343,246,318.561151,ER4m,left
1616,0.161600,7,1,720575940615324670,242,313.381295,ER4m,left
1620,0.162000,12,1,720575940618732782,184,238.273381,ER3p,right
1640,0.164000,27,1,720575940643020836,69,89.352518,ER2,right
1643,0.164300,19,1,720575940631820825,261,337.985612,ER5,left
1645,0.164500,24,1,720575940631093303,250,323.741007,ER4m,right
1654,0.165400,4,1,720575940611960274,134,173.525180,ER3d,right
1654,0.165400,17,1,720575940622811636,19,24.604317,ER1,right
1659,0.165900,7,1,720575940616197021,52,67.338129,ER2,right
1660,0.166000,0,1,720575940604967270,50,64.748201,ER2,right
1661,0.166100,9,1,720575940627161700,148,191.654676,ER3d,right
1665,0.166500,3,1,720575940615650022,263,340.575540,ER5,right
1665,0.166500,33,1,720575940653326326,215,278.417266,ER3w,right
1669,0.166900,1,1,720575940603919537,0,0.000000,ER1,left
1671,0.167100,26,1,720575940629244166,152,196.834532,ER3d,right
1681,0.168100,27,1,720575940632598343,246,318.561151,ER4m,left
1684,0.168400,17,1,720575940628140785,79,102.302158,ER3a,left
1684,0.168400,30,1,720575940637681267,213,275.827338,ER3w,right
1722,0.172200,7,1,720575940615324670,242,313.381295,ER4m,left
1731,0.173100,30,1,720575940643020836,69,89.352518,ER2,right
1734,0.173400,11,1,720575940618732782,184,238.273381,ER3p,right
1740,0.174000,7,1,720575940619661632,76,98.417266,ER3a,left
1747,0.174700,27,1,720575940638594768,27,34.964029,ER1,right
1748,0.174800,36,1,720575940631093303,250,323.741007,ER4m,right
1754,0.175400,3,1,720575940611960274,134,173.525180,ER3d,right
1755,0.175500,5,1,720575940616197021,52,67.338129,ER2,right
1756,0.175600,33,1,720575940631820825,261,337.985612,ER5,left
1764,0.176400,25,1,720575940653326326,215,278.417266,ER3w,right
1766,0.176600,9,1,720575940615650022,263,340.575540,ER5,right
1767,0.176700,18,1,720575940627161700,148,191.654676,ER3d,right
1774,0.177400,21,1,720575940632598343,246,318.561151,ER4m,left
1777,0.177700,0,1,720575940604967270,50,64.748201,ER2,right
1780,0.178000,5,1,720575940622811636,19,24.604317,ER1,right
1792,0.179200,23,1,720575940637681267,213,275.827338,ER3w,right
1810,0.181000,19,1,720575940629244166,152,196.834532,ER3d,right
1820,0.182000,27,1,720575940643020836,69,89.352518,ER2,right
1823,0.182300,6,1,720575940615324670,242,313.381295,ER4m,left
1836,0.183600,34,1,720575940628140785,79,102.302158,ER3a,left
1846,0.184600,19,1,720575940631093303,250,323.741007,ER4m,right
1852,0.185200,8,1,720575940618732782,184,238.273381,ER3p,right
1854,0.185400,7,1,720575940616197021,52,67.338129,ER2,right
1856,0.185600,3,1,720575940611960274,134,173.525180,ER3d,right
1863,0.186300,38,1,720575940653326326,215,278.417266,ER3w,right
1869,0.186900,18,1,720575940631820825,261,337.985612,ER5,left
1870,0.187000,27,1,720575940632598343,246,318.561151,ER4m,left
1871,0.187100,14,1,720575940627161700,148,191.654676,ER3d,right
1879,0.187900,7,1,720575940615650022,263,340.575540,ER5,right
1884,0.188400,9,1,720575940619661632,76,98.417266,ER3a,left
1887,0.188700,0,1,720575940604967270,50,64.748201,ER2,right
1900,0.190000,14,1,720575940622811636,19,24.604317,ER1,right
1910,0.191000,31,1,720575940637681267,213,275.827338,ER3w,right
1910,0.191000,36,1,720575940643020836,69,89.352518,ER2,right
1922,0.192200,10,1,720575940615324670,242,313.381295,ER4m,left
1941,0.194100,16,1,720575940631093303,250,323.741007,ER4m,right
1946,0.194600,15,1,720575940629244166,152,196.834532,ER3d,right
1951,0.195100,29,1,720575940632598343,246,318.561151,ER4m,left
1955,0.195500,5,1,720575940616197021,52,67.338129,ER2,right
1963,0.196300,9,1,720575940618732782,184,238.273381,ER3p,right
1965,0.196500,1,1,720575940611960274,134,173.525180,ER3d,right
1967,0.196700,34,1,720575940653326326,215,278.417266,ER3w,right
1970,0.197000,16,1,720575940627161700,148,191.654676,ER3d,right
1985,0.198500,3,1,720575940615650022,263,340.575540,ER5,right
1985,0.198500,23,1,720575940631820825,261,337.985612,ER5,left
1991,0.199100,12,1,720575940628140785,79,102.302158,ER3a,left
1994,0.199400,30,1,720575940643020836,69,89.352518,ER2,right
1995,0.199500,0,1,720575940604967270,50,64.748201,ER2,right
2014,0.201400,29,1,720575940638594768,27,34.964029,ER1,right
2026,0.202600,24,1,720575940637681267,213,275.827338,ER3w,right
2027,0.202700,2,1,720575940615324670,242,313.381295,ER4m,left
2035,0.203500,12,1,720575940622811636,19,24.604317,ER1,right
2037,0.203700,26,1,720575940631093303,250,323.741007,ER4m,right
2039,0.203900,10,1,720575940619661632,76,98.417266,ER3a,left
2040,0.204000,23,1,720575940632598343,246,318.561151,ER4m,left
2052,0.205200,4,1,720575940616197021,52,67.338129,ER2,right
2062,0.206200,3,1,720575940611960274,134,173.525180,ER3d,right
2070,0.207000,27,1,720575940629244166,152,196.834532,ER3d,right
2072,0.207200,22,1,720575940627161700,148,191.654676,ER3d,right
2072,0.207200,30,1,720575940653326326,215,278.417266,ER3w,right
2075,0.207500,6,1,720575940618732782,184,238.273381,ER3p,right
2084,0.208400,7,1,720575940615650022,263,340.575540,ER5,right
2085,0.208500,29,1,720575940643020836,69,89.352518,ER2,right
2091,0.209100,20,1,720575940631820825,261,337.985612,ER5,left
2107,0.210700,1,1,720575940604967270,50,64.748201,ER2,right
2109,0.210900,17,1,720575940622252493,161,208.489209,ER3m,left
2127,0.212700,3,1,720575940615324670,242,313.381295,ER4m,left
2132,0.213200,24,1,720575940632598343,246,318.561151,ER4m,left
2138,0.213800,21,1,720575940631093303,250,323.741007,ER4m,right
2141,0.214100,25,1,720575940637681267,213,275.827338,ER3w,right
2142,0.214200,18,1,720575940628140785,79,102.302158,ER3a,left
2148,0.214800,8,1,720575940616197021,52,67.338129,ER2,right
2153,0.215300,1,1,720575940611960274,134,173.525180,ER3d,right
2167,0.216700,17,1,720575940622811636,19,24.604317,ER1,right
2169,0.216900,18,1,720575940627161700,148,191.654676,ER3d,right
2176,0.217600,32,1,720575940653326326,215,278.417266,ER3w,right
2179,0.217900,30,1,720575940643020836,69,89.352518,ER2,right
2184,0.218400,5,1,720575940615650022,263,340.575540,ER5,right
2190,0.219000,7,1,720575940618732782,184,238.273381,ER3p,right
2190,0.219000,25,1,720575940629244166,152,196.834532,ER3d,right
2206,0.220600,30,1,720575940631820825,261,337.985612,ER5,left
2213,0.221300,11,1,720575940619661632,76,98.417266,ER3a,left
2222,0.222200,29,1,720575940632598343,246,318.561151,ER4m,left
2226,0.222600,0,1,720575940604967270,50,64.748201,ER2,right
2231,0.223100,2,1,720575940615324670,242,313.381295,ER4m,left
2238,0.223800,25,1,720575940631093303,250,323.741007,ER4m,right
2247,0.224700,1,1,720575940611960274,134,173.525180,ER3d,right
2252,0.225200,0,1,720575940616197021,52,67.338129,ER2,right
2258,0.225800,22,1,720575940638594768,27,34.964029,ER1,right
2261,0.226100,22,1,720575940637681267,213,275.827338,ER3w,right
2268,0.226800,39,1,720575940643020836,69,89.352518,ER2,right
2269,0.226900,21,1,720575940627161700,148,191.654676,ER3d,right
2286,0.228600,33,1,720575940653326326,215,278.417266,ER3w,right
2289,0.228900,5,1,720575940615650022,263,340.575540,ER5,right
2294,0.229400,18,1,720575940622811636,19,24.604317,ER1,right
2304,0.230400,6,1,720575940618732782,184,238.273381,ER3p,right
2305,0.230500,26,1,720575940628140785,79,102.302158,ER3a,left
2310,0.231000,30,1,720575940632598343,246,318.561151,ER4m,left
2315,0.231500,25,1,720575940631820825,261,337.985612,ER5,left
2319,0.231900,28,1,720575940629244166,152,196.834532,ER3d,right
2334,0.233400,1,1,720575940604967270,50,64.748201,ER2,right
2336,0.233600,4,1,720575940615324670,242,313.381295,ER4m,left
2336,0.233600,29,1,720575940631093303,250,323.741007,ER4m,right
2337,0.233700,0,1,720575940603919537,0,0.000000,ER1,left
2340,0.234000,1,1,720575940611960274,134,173.525180,ER3d,right
2348,0.234800,7,1,720575940616197021,52,67.338129,ER2,right
2357,0.235700,27,1,720575940643020836,69,89.352518,ER2,right
2369,0.236900,8,1,720575940619661632,76,98.417266,ER3a,left
2376,0.237600,22,1,720575940627161700,148,191.654676,ER3d,right
2377,0.237700,31,1,720575940637681267,213,275.827338,ER3w,right
2389,0.238900,22,1,720575940653326326,215,278.417266,ER3w,right
2391,0.239100,5,1,720575940615650022,263,340.575540,ER5,right
2396,0.239600,21,1,720575940632598343,246,318.561151,ER4m,left
2417,0.241700,15,1,720575940622811636,19,24.604317,ER1,right
2418,0.241800,9,1,720575940618732782,184,238.273381,ER3p,right
2427,0.242700,23,1,720575940631093303,250,323.741007,ER4m,right
2427,0.242700,25,1,720575940631820825,261,337.985612,ER5,left
2432,0.243200,6,1,720575940611960274,134,173.525180,ER3d,right
2432,0.243200,8,1,720575940615324670,242,313.381295,ER4m,left
2444,0.244400,3,1,720575940616197021,52,67.338129,ER2,right
2445,0.244500,0,1,720575940604967270,50,64.748201,ER2,right
2448,0.244800,37,1,720575940643020836,69,89.352518,ER2,right
2454,0.245400,20,1,720575940629244166,152,196.834532,ER3d,right
2463,0.246300,21,1,720575940628140785,79,102.302158,ER3a,left
2474,0.247400,22,1,720575940627161700,148,191.654676,ER3d,right
2491,0.249100,25,1,720575940653326326,215,278.417266,ER3w,right
2492,0.249200,5,1,720575940615650022,263,340.575540,ER5,right
2495,0.249500,26,1,720575940632598343,246,318.561151,ER4m,left
2500,0.250000,25,1,720575940637681267,213,275.827338,ER3w,right
2520,0.252000,10,1,720575940619661632,76,98.417266,ER3a,left
2521,0.252100,16,1,720575940631093303,250,323.741007,ER4m,right
2521,0.252100,26,1,720575940638594768,27,34.964029,ER1,right
2525,0.252500,8,1,720575940618732782,184,238.273381,ER3p,right
2526,0.252600,4,1,720575940611960274,134,173.525180,ER3d,right
2529,0.252900,4,1,720575940615324670,242,313.381295,ER4m,left
2536,0.253600,22,1,720575940631820825,261,337.985612,ER5,left
2539,0.253900,35,1,720575940643020836,69,89.352518,ER2,right
2540,0.254000,8,1,720575940616197021,52,67.338129,ER2,right
2551,0.255100,15,1,720575940622811636,19,24.604317,ER1,right
2557,0.255700,0,1,720575940604967270,50,64.748201,ER2,right
2565,0.256500,15,1,720575940622252493,161,208.489209,ER3m,left
2572,0.257200,21,1,720575940627161700,148,191.654676,ER3d,right
2582,0.258200,16,1,720575940629244166,152,196.834532,ER3d,right
2592,0.259200,23,1,720575940632598343,246,318.561151,ER4m,left
2592,0.259200,29,1,720575940653326326,215,278.417266,ER3w,right
2597,0.259700,9,1,720575940615650022,263,340.575540,ER5,right
2619,0.261900,30,1,720575940637681267,213,275.827338,ER3w,right
2620,0.262000,3,1,720575940611960274,134,173.525180,ER3d,right
2620,0.262000,27,1,720575940631093303,250,323.741007,ER4m,right
2627,0.262700,15,1,720575940628140785,79,102.302158,ER3a,left
2629,0.262900,6,1,720575940615324670,242,313.381295,ER4m,left
2629,0.262900,25,1,720575940643020836,69,89.352518,ER2,right
2634,0.263400,6,1,720575940618732782,184,238.273381,ER3p,right
2635,0.263500,7,1,720575940616197021,52,67.338129,ER2,right
2648,0.264800,32,1,720575940631820825,261,337.985612,ER5,left
2667,0.266700,14,1,720575940622811636,19,24.604317,ER1,right
2670,0.267000,18,1,720575940627161700,148,191.654676,ER3d,right
2677,0.267700,0,1,720575940604967270,50,64.748201,ER2,right
2677,0.267700,6,1,720575940619661632,76,98.417266,ER3a,left
2682,0.268200,20,1,720575940632598343,246,318.561151,ER4m,left
2698,0.269800,39,1,720575940653326326,215,278.417266,ER3w,right
2700,0.270000,10,1,720575940615650022,263,340.575540,ER5,right
2715,0.271500,25,1,720575940631093303,250,323.741007,ER4m,right
2716,0.271600,20,1,720575940629244166,152,196.834532,ER3d,right
2718,0.271800,0,1,720575940611960274,134,173.525180,ER3d,right
2720,0.272000,32,1,720575940643020836,69,89.352518,ER2,right
2727,0.272700,7,1,720575940616197021,52,67.338129,ER2,right
2733,0.273300,4,1,720575940615324670,242,313.381295,ER4m,left
2735,0.273500,24,1,720575940637681267,213,275.827338,ER3w,right
2747,0.274700,8,1,720575940618732782,184,238.273381,ER3p,right
2753,0.275300,27,1,720575940631820825,261,337.985612,ER5,left
2763,0.276300,29,1,720575940627161700,148,191.654676,ER3d,right
2772,0.277200,14,1,720575940632598343,246,318.561151,ER4m,left
2780,0.278000,22,1,720575940638594768,27,34.964029,ER1,right
2781,0.278100,10,1,720575940628140785,79,102.302158,ER3a,left
2789,0.278900,0,1,720575940604967270,50,64.748201,ER2,right
2793,0.279300,11,1,720575940622811636,19,24.604317,ER1,right
2804,0.280400,7,1,720575940615650022,263,340.575540,ER5,right
2804,0.280400,32,1,720575940653326326,215,278.417266,ER3w,right
2808,0.280800,30,1,720575940643020836,69,89.352518,ER2,right
2813,0.281300,35,1,720575940631093303,250,323.741007,ER4m,right
2820,0.282000,3,1,720575940611960274,134,173.525180,ER3d,right
2823,0.282300,1,1,720575940616197021,52,67.338129,ER2,right
2834,0.283400,7,1,720575940619661632,76,98.417266,ER3a,left
2839,0.283900,6,1,720575940615324670,242,313.381295,ER4m,left
2841,0.284100,21,1,720575940629244166,152,196.834532,ER3d,right
2851,0.285100,27,1,720575940637681267,213,275.827338,ER3w,right
2858,0.285800,14,1,720575940627161700,148,191.654676,ER3d,right
2862,0.286200,17,1,720575940631820825,261,337.985612,ER5,left
2868,0.286800,11,1,720575940618732782,184,238.273381,ER3p,right
2872,0.287200,17,1,720575940632598343,246,318.561151,ER4m,left
2896,0.289600,20,1,720575940643020836,69,89.352518,ER2,right
2901,0.290100,1,1,720575940604967270,50,64.748201,ER2,right
2904,0.290400,2,1,720575940615650022,263,340.575540,ER5,right
2911,0.291100,20,1,720575940631093303,250,323.741007,ER4m,right
2911,0.291100,24,1,720575940653326326,215,278.417266,ER3w,right
2921,0.292100,10,1,720575940622811636,19,24.604317,ER1,right
2924,0.292400,4,1,720575940616197021,52,67.338129,ER2,right
2926,0.292600,6,1,720575940611960274,134,173.525180,ER3d,right
2929,0.292900,21,1,720575940628140785,79,102.302158,ER3a,left
2943,0.294300,0,1,720575940615324670,242,313.381295,ER4m,left
2962,0.296200,12,1,720575940627161700,148,191.654676,ER3d,right
2964,0.296400,15,1,720575940632598343,246,318.561151,ER4m,left
2971,0.297100,21,1,720575940637681267,213,275.827338,ER3w,right
2973,0.297300,21,1,720575940631820825,261,337.985612,ER5,left
2981,0.298100,22,1,720575940629244166,152,196.834532,ER3d,right
2986,0.298600,26,1,720575940643020836,69,89.352518,ER2,right
2990,0.299000,10,1,720575940618732782,184,238.273381,ER3p,right
