tick,phase,time_sec,epg_spike_count,epg_spike_ids
1,learn,0.001000,0,
2,learn,0.002000,0,
3,learn,0.003000,0,
4,learn,0.004000,0,
5,learn,0.005000,0,
6,learn,0.006000,0,
7,learn,0.007000,0,
8,learn,0.008000,0,
9,learn,0.009000,0,
10,learn,0.010000,0,
11,learn,0.011000,0,
12,learn,0.012000,0,
13,learn,0.013000,0,
14,learn,0.014000,0,
15,learn,0.015000,0,
16,learn,0.016000,0,
17,learn,0.017000,0,
18,learn,0.018000,0,
19,learn,0.019000,0,
20,learn,0.020000,0,
21,learn,0.021000,0,
22,learn,0.022000,0,
23,learn,0.023000,0,
24,learn,0.024000,0,
25,learn,0.025000,0,
26,learn,0.026000,0,
27,learn,0.027000,0,
28,learn,0.028000,0,
29,learn,0.029000,0,
30,learn,0.030000,0,
31,learn,0.031000,0,
32,learn,0.032000,0,
33,learn,0.033000,0,
34,learn,0.034000,0,
35,learn,0.035000,0,
36,learn,0.036000,0,
37,learn,0.037000,0,
38,learn,0.038000,0,
39,learn,0.039000,0,
40,learn,0.040000,0,
41,learn,0.041000,0,
42,learn,0.042000,0,
43,learn,0.043000,0,
44,learn,0.044000,0,
45,learn,0.045000,0,
46,learn,0.046000,0,
47,learn,0.047000,0,
48,learn,0.048000,0,
49,learn,0.049000,0,
50,learn,0.050000,0,
51,learn,0.051000,0,
52,learn,0.052000,0,
53,learn,0.053000,0,
54,learn,0.054000,0,
55,learn,0.055000,0,
56,learn,0.056000,0,
57,learn,0.057000,0,
58,learn,0.058000,0,
59,learn,0.059000,0,
60,learn,0.060000,0,
61,learn,0.061000,0,
62,learn,0.062000,0,
63,learn,0.063000,0,
64,learn,0.064000,0,
65,learn,0.065000,0,
66,learn,0.066000,0,
67,learn,0.067000,1,720575940627140551
68,learn,0.068000,0,
69,learn,0.069000,1,720575940628843458
70,learn,0.070000,0,
71,learn,0.071000,1,720575940642634532
72,learn,0.072000,0,
73,learn,0.073000,0,
74,learn,0.074000,0,
75,learn,0.075000,0,
76,learn,0.076000,0,
77,learn,0.077000,0,
78,learn,0.078000,0,
79,learn,0.079000,0,
80,learn,0.080000,0,
81,learn,0.081000,0,
82,learn,0.082000,0,
83,learn,0.083000,0,
84,learn,0.084000,0,
85,learn,0.085000,0,
86,learn,0.086000,0,
87,learn,0.087000,0,
88,learn,0.088000,0,
89,learn,0.089000,0,
90,learn,0.090000,0,
91,learn,0.091000,0,
92,learn,0.092000,0,
93,learn,0.093000,0,
94,learn,0.094000,0,
95,learn,0.095000,0,
96,learn,0.096000,0,
97,learn,0.097000,0,
98,learn,0.098000,0,
99,learn,0.099000,0,
100,learn,0.100000,0,
101,learn,0.101000,0,
102,learn,0.102000,0,
103,learn,0.103000,0,
104,learn,0.104000,0,
105,learn,0.105000,0,
106,learn,0.106000,0,
107,learn,0.107000,0,
108,learn,0.108000,0,
109,learn,0.109000,0,
110,learn,0.110000,0,
111,learn,0.111000,0,
112,learn,0.112000,0,
113,learn,0.113000,0,
114,learn,0.114000,0,
115,learn,0.115000,0,
116,learn,0.116000,0,
117,learn,0.117000,0,
118,learn,0.118000,0,
119,learn,0.119000,0,
120,learn,0.120000,0,
121,learn,0.121000,0,
122,learn,0.122000,0,
123,learn,0.123000,0,
124,learn,0.124000,0,
125,learn,0.125000,0,
126,learn,0.126000,0,
127,learn,0.127000,0,
128,learn,0.128000,0,
129,learn,0.129000,0,
130,learn,0.130000,0,
131,learn,0.131000,0,
132,learn,0.132000,0,
133,learn,0.133000,0,
134,learn,0.134000,0,
135,learn,0.135000,0,
136,learn,0.136000,0,
137,learn,0.137000,0,
138,learn,0.138000,0,
139,learn,0.139000,0,
140,learn,0.140000,0,
141,learn,0.141000,0,
142,learn,0.142000,0,
143,learn,0.143000,0,
144,learn,0.144000,0,
145,learn,0.145000,0,
146,learn,0.146000,0,
147,learn,0.147000,0,
148,learn,0.148000,0,
149,learn,0.149000,0,
150,learn,0.150000,0,
151,learn,0.151000,0,
152,learn,0.152000,0,
153,learn,0.153000,0,
154,learn,0.154000,0,
155,learn,0.155000,0,
156,learn,0.156000,0,
157,learn,0.157000,0,
158,learn,0.158000,0,
159,learn,0.159000,0,
160,learn,0.160000,0,
161,learn,0.161000,0,
162,learn,0.162000,0,
163,learn,0.163000,0,
164,learn,0.164000,0,
165,learn,0.165000,0,
166,learn,0.166000,0,
167,learn,0.167000,0,
168,learn,0.168000,0,
169,learn,0.169000,0,
170,learn,0.170000,0,
171,learn,0.171000,0,
172,learn,0.172000,0,
173,learn,0.173000,0,
174,learn,0.174000,0,
175,learn,0.175000,0,
176,learn,0.176000,1,720575940642634532
177,learn,0.177000,1,720575940627140551
178,learn,0.178000,0,
179,learn,0.179000,0,
180,learn,0.180000,0,
181,learn,0.181000,0,
182,learn,0.182000,0,
183,learn,0.183000,0,
184,learn,0.184000,0,
185,learn,0.185000,0,
186,learn,0.186000,0,
187,learn,0.187000,0,
188,learn,0.188000,0,
189,learn,0.189000,0,
190,learn,0.190000,0,
191,learn,0.191000,0,
192,learn,0.192000,0,
193,learn,0.193000,0,
194,learn,0.194000,0,
195,learn,0.195000,0,
196,learn,0.196000,0,
197,learn,0.197000,0,
198,learn,0.198000,0,
199,learn,0.199000,0,
200,learn,0.200000,0,
201,learn,0.201000,0,
202,learn,0.202000,0,
203,learn,0.203000,0,
204,learn,0.204000,0,
205,learn,0.205000,0,
206,learn,0.206000,0,
207,learn,0.207000,0,
208,learn,0.208000,0,
209,learn,0.209000,0,
210,learn,0.210000,0,
211,learn,0.211000,0,
212,learn,0.212000,0,
213,learn,0.213000,0,
214,learn,0.214000,0,
215,learn,0.215000,0,
216,learn,0.216000,0,
217,learn,0.217000,0,
218,learn,0.218000,0,
219,learn,0.219000,0,
220,learn,0.220000,0,
221,learn,0.221000,0,
222,learn,0.222000,0,
223,learn,0.223000,0,
224,learn,0.224000,0,
225,learn,0.225000,0,
226,learn,0.226000,0,
227,learn,0.227000,0,
228,learn,0.228000,0,
229,learn,0.229000,0,
230,learn,0.230000,0,
231,learn,0.231000,0,
232,learn,0.232000,0,
233,learn,0.233000,0,
234,learn,0.234000,0,
235,learn,0.235000,0,
236,learn,0.236000,0,
237,learn,0.237000,0,
238,learn,0.238000,0,
239,learn,0.239000,0,
240,learn,0.240000,0,
241,learn,0.241000,0,
242,learn,0.242000,0,
243,learn,0.243000,0,
244,learn,0.244000,0,
245,learn,0.245000,0,
246,learn,0.246000,0,
247,learn,0.247000,0,
248,learn,0.248000,0,
249,learn,0.249000,0,
250,learn,0.250000,0,
251,learn,0.251000,0,
252,learn,0.252000,0,
253,learn,0.253000,0,
254,learn,0.254000,0,
255,learn,0.255000,0,
256,learn,0.256000,0,
257,learn,0.257000,0,
258,learn,0.258000,0,
259,learn,0.259000,0,
260,learn,0.260000,0,
261,learn,0.261000,0,
262,learn,0.262000,0,
263,learn,0.263000,0,
264,learn,0.264000,0,
265,learn,0.265000,0,
266,learn,0.266000,0,
267,learn,0.267000,0,
268,learn,0.268000,0,
269,learn,0.269000,0,
270,learn,0.270000,0,
271,learn,0.271000,0,
272,learn,0.272000,0,
273,learn,0.273000,0,
274,learn,0.274000,0,
275,learn,0.275000,0,
276,learn,0.276000,0,
277,learn,0.277000,0,
278,learn,0.278000,0,
279,learn,0.279000,0,
280,learn,0.280000,0,
281,learn,0.281000,0,
282,learn,0.282000,0,
283,learn,0.283000,0,
284,learn,0.284000,0,
285,learn,0.285000,0,
286,learn,0.286000,0,
287,learn,0.287000,0,
288,learn,0.288000,0,
289,learn,0.289000,0,
290,learn,0.290000,0,
291,learn,0.291000,0,
292,learn,0.292000,0,
293,learn,0.293000,0,
294,learn,0.294000,0,
295,learn,0.295000,0,
296,learn,0.296000,0,
297,learn,0.297000,0,
298,learn,0.298000,0,
299,learn,0.299000,0,
300,learn,0.300000,0,
301,learn,0.301000,0,
302,learn,0.302000,0,
303,learn,0.303000,0,
304,learn,0.304000,0,
305,learn,0.305000,0,
306,learn,0.306000,0,
307,learn,0.307000,0,
308,learn,0.308000,0,
309,learn,0.309000,0,
310,learn,0.310000,0,
311,learn,0.311000,0,
312,learn,0.312000,0,
313,learn,0.313000,0,
314,learn,0.314000,0,
315,learn,0.315000,0,
316,learn,0.316000,0,
317,learn,0.317000,0,
318,learn,0.318000,0,
319,learn,0.319000,0,
320,learn,0.320000,0,
321,learn,0.321000,0,
322,learn,0.322000,0,
323,learn,0.323000,0,
324,learn,0.324000,0,
325,learn,0.325000,0,
326,learn,0.326000,0,
327,learn,0.327000,0,
328,learn,0.328000,0,
329,learn,0.329000,0,
330,learn,0.330000,0,
331,learn,0.331000,0,
332,learn,0.332000,0,
333,learn,0.333000,0,
334,learn,0.334000,0,
335,learn,0.335000,0,
336,learn,0.336000,0,
337,learn,0.337000,0,
338,learn,0.338000,0,
339,learn,0.339000,0,
340,learn,0.340000,0,
341,learn,0.341000,1,720575940642634532
342,learn,0.342000,0,
343,learn,0.343000,0,
344,learn,0.344000,0,
345,learn,0.345000,0,
346,learn,0.346000,0,
347,learn,0.347000,0,
348,learn,0.348000,0,
349,learn,0.349000,0,
350,learn,0.350000,0,
351,learn,0.351000,0,
352,learn,0.352000,0,
353,learn,0.353000,0,
354,learn,0.354000,0,
355,learn,0.355000,0,
356,learn,0.356000,0,
357,learn,0.357000,0,
358,learn,0.358000,0,
359,learn,0.359000,0,
360,learn,0.360000,0,
361,learn,0.361000,0,
362,learn,0.362000,0,
363,learn,0.363000,0,
364,learn,0.364000,0,
365,learn,0.365000,0,
366,learn,0.366000,0,
367,learn,0.367000,0,
368,learn,0.368000,0,
369,learn,0.369000,0,
370,learn,0.370000,0,
371,learn,0.371000,0,
372,learn,0.372000,0,
373,learn,0.373000,0,
374,learn,0.374000,0,
375,learn,0.375000,0,
376,learn,0.376000,0,
377,learn,0.377000,0,
378,learn,0.378000,0,
379,learn,0.379000,0,
380,learn,0.380000,0,
381,learn,0.381000,0,
382,learn,0.382000,0,
383,learn,0.383000,0,
384,learn,0.384000,0,
385,learn,0.385000,0,
386,learn,0.386000,0,
387,learn,0.387000,0,
388,learn,0.388000,0,
389,learn,0.389000,0,
390,learn,0.390000,0,
391,learn,0.391000,0,
392,learn,0.392000,0,
393,learn,0.393000,0,
394,learn,0.394000,0,
395,learn,0.395000,0,
396,learn,0.396000,0,
397,learn,0.397000,0,
398,learn,0.398000,0,
399,learn,0.399000,0,
400,learn,0.400000,0,
401,learn,0.401000,0,
402,learn,0.402000,0,
403,learn,0.403000,0,
404,learn,0.404000,0,
405,learn,0.405000,0,
406,learn,0.406000,0,
407,learn,0.407000,0,
408,learn,0.408000,0,
409,learn,0.409000,0,
410,learn,0.410000,0,
411,learn,0.411000,0,
412,learn,0.412000,0,
413,learn,0.413000,0,
414,learn,0.414000,0,
415,learn,0.415000,0,
416,learn,0.416000,0,
417,learn,0.417000,0,
418,learn,0.418000,0,
419,learn,0.419000,0,
420,learn,0.420000,0,
421,learn,0.421000,0,
422,learn,0.422000,0,
423,learn,0.423000,0,
424,learn,0.424000,0,
425,learn,0.425000,0,
426,learn,0.426000,0,
427,learn,0.427000,0,
428,learn,0.428000,0,
429,learn,0.429000,0,
430,learn,0.430000,0,
431,learn,0.431000,0,
432,learn,0.432000,0,
433,learn,0.433000,0,
434,learn,0.434000,0,
435,learn,0.435000,0,
436,learn,0.436000,0,
437,learn,0.437000,0,
438,learn,0.438000,0,
439,learn,0.439000,0,
440,learn,0.440000,0,
441,learn,0.441000,0,
442,learn,0.442000,0,
443,learn,0.443000,0,
444,learn,0.444000,0,
445,learn,0.445000,0,
446,learn,0.446000,0,
447,learn,0.447000,0,
448,learn,0.448000,0,
449,learn,0.449000,0,
450,learn,0.450000,0,
451,learn,0.451000,0,
452,learn,0.452000,0,
453,learn,0.453000,0,
454,learn,0.454000,0,
455,learn,0.455000,0,
456,learn,0.456000,0,
457,learn,0.457000,0,
458,learn,0.458000,0,
459,learn,0.459000,0,
460,learn,0.460000,0,
461,learn,0.461000,0,
462,learn,0.462000,0,
463,learn,0.463000,0,
464,learn,0.464000,0,
465,learn,0.465000,0,
466,learn,0.466000,0,
467,learn,0.467000,0,
468,learn,0.468000,0,
469,learn,0.469000,0,
470,learn,0.470000,0,
471,learn,0.471000,0,
472,learn,0.472000,0,
473,learn,0.473000,1,720575940627140551
474,learn,0.474000,0,
475,learn,0.475000,0,
476,learn,0.476000,0,
477,learn,0.477000,0,
478,learn,0.478000,0,
479,learn,0.479000,0,
480,learn,0.480000,0,
481,learn,0.481000,0,
482,learn,0.482000,0,
483,learn,0.483000,0,
484,learn,0.484000,0,
485,learn,0.485000,0,
486,learn,0.486000,0,
487,learn,0.487000,0,
488,learn,0.488000,0,
489,learn,0.489000,0,
490,learn,0.490000,0,
491,learn,0.491000,0,
492,learn,0.492000,0,
493,learn,0.493000,0,
494,learn,0.494000,0,
495,learn,0.495000,0,
496,learn,0.496000,0,
497,learn,0.497000,0,
498,learn,0.498000,0,
499,learn,0.499000,0,
500,learn,0.500000,0,
501,learn,0.501000,0,
502,learn,0.502000,0,
503,learn,0.503000,0,
504,learn,0.504000,0,
505,learn,0.505000,0,
506,learn,0.506000,0,
507,learn,0.507000,0,
508,learn,0.508000,0,
509,learn,0.509000,0,
510,learn,0.510000,0,
511,learn,0.511000,0,
512,learn,0.512000,0,
513,learn,0.513000,0,
514,learn,0.514000,0,
515,learn,0.515000,0,
516,learn,0.516000,0,
517,learn,0.517000,0,
518,learn,0.518000,0,
519,learn,0.519000,0,
520,learn,0.520000,0,
521,learn,0.521000,0,
522,learn,0.522000,0,
523,learn,0.523000,0,
524,learn,0.524000,0,
525,learn,0.525000,0,
526,learn,0.526000,0,
527,learn,0.527000,0,
528,learn,0.528000,0,
529,learn,0.529000,0,
530,learn,0.530000,0,
531,learn,0.531000,0,
532,learn,0.532000,0,
533,learn,0.533000,0,
534,learn,0.534000,0,
535,learn,0.535000,0,
536,learn,0.536000,0,
537,learn,0.537000,0,
538,learn,0.538000,0,
539,learn,0.539000,0,
540,learn,0.540000,0,
541,learn,0.541000,0,
542,learn,0.542000,0,
543,learn,0.543000,0,
544,learn,0.544000,0,
545,learn,0.545000,0,
546,learn,0.546000,0,
547,learn,0.547000,0,
548,learn,0.548000,0,
549,learn,0.549000,0,
550,learn,0.550000,0,
551,learn,0.551000,0,
552,learn,0.552000,0,
553,learn,0.553000,0,
554,learn,0.554000,0,
555,learn,0.555000,0,
556,learn,0.556000,0,
557,learn,0.557000,0,
558,learn,0.558000,0,
559,learn,0.559000,0,
560,learn,0.560000,0,
561,learn,0.561000,0,
562,learn,0.562000,0,
563,learn,0.563000,0,
564,learn,0.564000,0,
565,learn,0.565000,0,
566,learn,0.566000,0,
567,learn,0.567000,0,
568,learn,0.568000,0,
569,learn,0.569000,0,
570,learn,0.570000,0,
571,learn,0.571000,0,
572,learn,0.572000,0,
573,learn,0.573000,0,
574,learn,0.574000,0,
575,learn,0.575000,1,720575940627140551
576,learn,0.576000,0,
577,learn,0.577000,0,
578,learn,0.578000,0,
579,learn,0.579000,0,
580,learn,0.580000,0,
581,learn,0.581000,0,
582,learn,0.582000,0,
583,learn,0.583000,0,
584,learn,0.584000,0,
585,learn,0.585000,0,
586,learn,0.586000,0,
587,learn,0.587000,0,
588,learn,0.588000,0,
589,learn,0.589000,0,
590,learn,0.590000,0,
591,learn,0.591000,0,
592,learn,0.592000,0,
593,learn,0.593000,0,
594,learn,0.594000,0,
595,learn,0.595000,0,
596,learn,0.596000,0,
597,learn,0.597000,0,
598,learn,0.598000,0,
599,learn,0.599000,0,
600,learn,0.600000,0,
601,learn,0.601000,0,
602,learn,0.602000,0,
603,learn,0.603000,0,
604,learn,0.604000,0,
605,learn,0.605000,0,
606,learn,0.606000,0,
607,learn,0.607000,0,
608,learn,0.608000,0,
609,learn,0.609000,0,
610,learn,0.610000,0,
611,learn,0.611000,0,
612,learn,0.612000,0,
613,learn,0.613000,0,
614,learn,0.614000,0,
615,learn,0.615000,0,
616,learn,0.616000,0,
617,learn,0.617000,0,
618,learn,0.618000,0,
619,learn,0.619000,0,
620,learn,0.620000,0,
621,learn,0.621000,0,
622,learn,0.622000,0,
623,learn,0.623000,0,
624,learn,0.624000,0,
625,learn,0.625000,0,
626,learn,0.626000,0,
627,learn,0.627000,0,
628,learn,0.628000,0,
629,learn,0.629000,0,
630,learn,0.630000,0,
631,learn,0.631000,0,
632,learn,0.632000,0,
633,learn,0.633000,0,
634,learn,0.634000,0,
635,learn,0.635000,0,
636,learn,0.636000,0,
637,learn,0.637000,0,
638,learn,0.638000,0,
639,learn,0.639000,0,
640,learn,0.640000,0,
641,learn,0.641000,0,
642,learn,0.642000,0,
643,learn,0.643000,0,
644,learn,0.644000,0,
645,learn,0.645000,0,
646,learn,0.646000,0,
647,learn,0.647000,0,
648,learn,0.648000,0,
649,learn,0.649000,0,
650,learn,0.650000,0,
651,learn,0.651000,0,
652,learn,0.652000,0,
653,learn,0.653000,0,
654,learn,0.654000,0,
655,learn,0.655000,0,
656,learn,0.656000,0,
657,learn,0.657000,0,
658,learn,0.658000,0,
659,learn,0.659000,0,
660,learn,0.660000,0,
661,learn,0.661000,0,
662,learn,0.662000,0,
663,learn,0.663000,0,
664,learn,0.664000,0,
665,learn,0.665000,0,
666,learn,0.666000,0,
667,learn,0.667000,0,
668,learn,0.668000,0,
669,learn,0.669000,0,
670,learn,0.670000,0,
671,learn,0.671000,0,
672,learn,0.672000,0,
673,learn,0.673000,0,
674,learn,0.674000,0,
675,learn,0.675000,0,
676,learn,0.676000,0,
677,learn,0.677000,0,
678,learn,0.678000,0,
679,learn,0.679000,0,
680,learn,0.680000,0,
681,learn,0.681000,0,
682,learn,0.682000,0,
683,learn,0.683000,0,
684,learn,0.684000,0,
685,learn,0.685000,0,
686,learn,0.686000,0,
687,learn,0.687000,0,
688,learn,0.688000,0,
689,learn,0.689000,0,
690,learn,0.690000,0,
691,learn,0.691000,0,
692,learn,0.692000,0,
693,learn,0.693000,0,
694,learn,0.694000,0,
695,learn,0.695000,0,
696,learn,0.696000,0,
697,learn,0.697000,0,
698,learn,0.698000,0,
699,learn,0.699000,0,
700,learn,0.700000,0,
701,learn,0.701000,0,
702,learn,0.702000,0,
703,learn,0.703000,0,
704,learn,0.704000,0,
705,learn,0.705000,0,
706,learn,0.706000,0,
707,learn,0.707000,0,
708,learn,0.708000,1,720575940627140551
709,learn,0.709000,0,
710,learn,0.710000,0,
711,learn,0.711000,0,
712,learn,0.712000,0,
713,learn,0.713000,0,
714,learn,0.714000,0,
715,learn,0.715000,0,
716,learn,0.716000,0,
717,learn,0.717000,0,
718,learn,0.718000,0,
719,learn,0.719000,0,
720,learn,0.720000,0,
721,learn,0.721000,0,
722,learn,0.722000,0,
723,learn,0.723000,0,
724,learn,0.724000,0,
725,learn,0.725000,0,
726,learn,0.726000,0,
727,learn,0.727000,0,
728,learn,0.728000,0,
729,learn,0.729000,0,
730,learn,0.730000,0,
731,learn,0.731000,0,
732,learn,0.732000,0,
733,learn,0.733000,0,
734,learn,0.734000,0,
735,learn,0.735000,0,
736,learn,0.736000,0,
737,learn,0.737000,0,
738,learn,0.738000,0,
739,learn,0.739000,0,
740,learn,0.740000,0,
741,learn,0.741000,0,
742,learn,0.742000,0,
743,learn,0.743000,0,
744,learn,0.744000,0,
745,learn,0.745000,0,
746,learn,0.746000,0,
747,learn,0.747000,0,
748,learn,0.748000,0,
749,learn,0.749000,0,
750,learn,0.750000,0,
751,learn,0.751000,0,
752,learn,0.752000,0,
753,learn,0.753000,0,
754,learn,0.754000,0,
755,learn,0.755000,0,
756,learn,0.756000,0,
757,learn,0.757000,0,
758,learn,0.758000,0,
759,learn,0.759000,0,
760,learn,0.760000,0,
761,learn,0.761000,0,
762,learn,0.762000,0,
763,learn,0.763000,0,
764,learn,0.764000,0,
765,learn,0.765000,0,
766,learn,0.766000,0,
767,learn,0.767000,0,
768,learn,0.768000,0,
769,learn,0.769000,0,
770,learn,0.770000,0,
771,learn,0.771000,0,
772,learn,0.772000,0,
773,learn,0.773000,0,
774,learn,0.774000,0,
775,learn,0.775000,0,
776,learn,0.776000,0,
777,learn,0.777000,0,
778,learn,0.778000,0,
779,learn,0.779000,0,
780,learn,0.780000,0,
781,learn,0.781000,0,
782,learn,0.782000,0,
783,learn,0.783000,0,
784,learn,0.784000,0,
785,learn,0.785000,0,
786,learn,0.786000,0,
787,learn,0.787000,0,
788,learn,0.788000,0,
789,learn,0.789000,0,
790,learn,0.790000,0,
791,learn,0.791000,0,
792,learn,0.792000,0,
793,learn,0.793000,0,
794,learn,0.794000,0,
795,learn,0.795000,0,
796,learn,0.796000,0,
797,learn,0.797000,0,
798,learn,0.798000,0,
799,learn,0.799000,0,
800,learn,0.800000,0,
801,learn,0.801000,0,
802,learn,0.802000,0,
803,learn,0.803000,0,
804,learn,0.804000,0,
805,learn,0.805000,0,
806,learn,0.806000,0,
807,learn,0.807000,0,
808,learn,0.808000,0,
809,learn,0.809000,0,
810,learn,0.810000,0,
811,learn,0.811000,0,
812,learn,0.812000,0,
813,learn,0.813000,0,
814,learn,0.814000,0,
815,learn,0.815000,0,
816,learn,0.816000,0,
817,learn,0.817000,0,
818,learn,0.818000,0,
819,learn,0.819000,0,
820,learn,0.820000,0,
821,learn,0.821000,0,
822,learn,0.822000,0,
823,learn,0.823000,0,
824,learn,0.824000,0,
825,learn,0.825000,0,
826,learn,0.826000,0,
827,learn,0.827000,0,
828,learn,0.828000,0,
829,learn,0.829000,0,
830,learn,0.830000,0,
831,learn,0.831000,0,
832,learn,0.832000,0,
833,learn,0.833000,0,
834,learn,0.834000,0,
835,learn,0.835000,0,
836,learn,0.836000,0,
837,learn,0.837000,0,
838,learn,0.838000,0,
839,learn,0.839000,0,
840,learn,0.840000,1,720575940642634532
841,learn,0.841000,0,
842,learn,0.842000,1,720575940627140551
843,learn,0.843000,0,
844,learn,0.844000,0,
845,learn,0.845000,0,
846,learn,0.846000,0,
847,learn,0.847000,0,
848,learn,0.848000,0,
849,learn,0.849000,0,
850,learn,0.850000,0,
851,learn,0.851000,0,
852,learn,0.852000,0,
853,learn,0.853000,0,
854,learn,0.854000,0,
855,learn,0.855000,0,
856,learn,0.856000,0,
857,learn,0.857000,0,
858,learn,0.858000,0,
859,learn,0.859000,0,
860,learn,0.860000,0,
861,learn,0.861000,0,
862,learn,0.862000,0,
863,learn,0.863000,0,
864,learn,0.864000,0,
865,learn,0.865000,0,
866,learn,0.866000,0,
867,learn,0.867000,0,
868,learn,0.868000,0,
869,learn,0.869000,0,
870,learn,0.870000,0,
871,learn,0.871000,0,
872,learn,0.872000,0,
873,learn,0.873000,0,
874,learn,0.874000,0,
875,learn,0.875000,0,
876,learn,0.876000,0,
877,learn,0.877000,0,
878,learn,0.878000,0,
879,learn,0.879000,0,
880,learn,0.880000,0,
881,learn,0.881000,0,
882,learn,0.882000,0,
883,learn,0.883000,0,
884,learn,0.884000,0,
885,learn,0.885000,0,
886,learn,0.886000,0,
887,learn,0.887000,0,
888,learn,0.888000,0,
889,learn,0.889000,0,
890,learn,0.890000,0,
891,learn,0.891000,0,
892,learn,0.892000,0,
893,learn,0.893000,0,
894,learn,0.894000,0,
895,learn,0.895000,0,
896,learn,0.896000,0,
897,learn,0.897000,0,
898,learn,0.898000,0,
899,learn,0.899000,0,
900,learn,0.900000,0,
901,learn,0.901000,0,
902,learn,0.902000,0,
903,learn,0.903000,0,
904,learn,0.904000,0,
905,learn,0.905000,0,
906,learn,0.906000,0,
907,learn,0.907000,0,
908,learn,0.908000,0,
909,learn,0.909000,0,
910,learn,0.910000,0,
911,learn,0.911000,0,
912,learn,0.912000,0,
913,learn,0.913000,0,
914,learn,0.914000,0,
915,learn,0.915000,0,
916,learn,0.916000,0,
917,learn,0.917000,0,
918,learn,0.918000,0,
919,learn,0.919000,0,
920,learn,0.920000,0,
921,learn,0.921000,0,
922,learn,0.922000,0,
923,learn,0.923000,0,
924,learn,0.924000,0,
925,learn,0.925000,0,
926,learn,0.926000,1,720575940627140551
927,learn,0.927000,0,
928,learn,0.928000,0,
929,learn,0.929000,0,
930,learn,0.930000,0,
931,learn,0.931000,0,
932,learn,0.932000,0,
933,learn,0.933000,0,
934,learn,0.934000,0,
935,learn,0.935000,0,
936,learn,0.936000,0,
937,learn,0.937000,0,
938,learn,0.938000,0,
939,learn,0.939000,0,
940,learn,0.940000,0,
941,learn,0.941000,0,
942,learn,0.942000,0,
943,learn,0.943000,0,
944,learn,0.944000,0,
945,learn,0.945000,0,
946,learn,0.946000,0,
947,learn,0.947000,0,
948,learn,0.948000,0,
949,learn,0.949000,0,
950,learn,0.950000,0,
951,learn,0.951000,0,
952,learn,0.952000,0,
953,learn,0.953000,0,
954,learn,0.954000,0,
955,learn,0.955000,0,
956,learn,0.956000,0,
957,learn,0.957000,0,
958,learn,0.958000,0,
959,learn,0.959000,0,
960,learn,0.960000,0,
961,learn,0.961000,0,
962,learn,0.962000,0,
963,learn,0.963000,0,
964,learn,0.964000,0,
965,learn,0.965000,0,
966,learn,0.966000,0,
967,learn,0.967000,0,
968,learn,0.968000,0,
969,learn,0.969000,0,
970,learn,0.970000,0,
971,learn,0.971000,0,
972,learn,0.972000,0,
973,learn,0.973000,0,
974,learn,0.974000,0,
975,learn,0.975000,0,
976,learn,0.976000,0,
977,learn,0.977000,0,
978,learn,0.978000,0,
979,learn,0.979000,0,
980,learn,0.980000,0,
981,learn,0.981000,0,
982,learn,0.982000,0,
983,learn,0.983000,0,
984,learn,0.984000,0,
985,learn,0.985000,0,
986,learn,0.986000,0,
987,learn,0.987000,0,
988,learn,0.988000,0,
989,learn,0.989000,0,
990,learn,0.990000,0,
991,learn,0.991000,0,
992,learn,0.992000,0,
993,learn,0.993000,0,
994,learn,0.994000,0,
995,learn,0.995000,0,
996,learn,0.996000,0,
997,learn,0.997000,0,
998,learn,0.998000,0,
999,learn,0.999000,0,
1000,learn,1.000000,0,
1001,probe,1.001000,0,
1002,probe,1.002000,0,
1003,probe,1.003000,0,
1004,probe,1.004000,0,
1005,probe,1.005000,0,
1006,probe,1.006000,0,
1007,probe,1.007000,0,
1008,probe,1.008000,0,
1009,probe,1.009000,0,
1010,probe,1.010000,0,
1011,probe,1.011000,0,
1012,probe,1.012000,0,
1013,probe,1.013000,0,
1014,probe,1.014000,0,
1015,probe,1.015000,0,
1016,probe,1.016000,0,
1017,probe,1.017000,0,
1018,probe,1.018000,0,
1019,probe,1.019000,0,
1020,probe,1.020000,0,
1021,probe,1.021000,0,
1022,probe,1.022000,0,
1023,probe,1.023000,0,
1024,probe,1.024000,0,
1025,probe,1.025000,0,
1026,probe,1.026000,0,
1027,probe,1.027000,0,
1028,probe,1.028000,0,
1029,probe,1.029000,0,
1030,probe,1.030000,0,
1031,probe,1.031000,0,
1032,probe,1.032000,0,
1033,probe,1.033000,0,
1034,probe,1.034000,0,
1035,probe,1.035000,0,
1036,probe,1.036000,1,720575940627140551
1037,probe,1.037000,0,
1038,probe,1.038000,0,
1039,probe,1.039000,0,
1040,probe,1.040000,0,
1041,probe,1.041000,0,
1042,probe,1.042000,0,
1043,probe,1.043000,0,
1044,probe,1.044000,0,
1045,probe,1.045000,0,
1046,probe,1.046000,0,
1047,probe,1.047000,0,
1048,probe,1.048000,0,
1049,probe,1.049000,0,
1050,probe,1.050000,0,
1051,probe,1.051000,0,
1052,probe,1.052000,0,
1053,probe,1.053000,0,
1054,probe,1.054000,0,
1055,probe,1.055000,0,
1056,probe,1.056000,0,
1057,probe,1.057000,0,
1058,probe,1.058000,0,
1059,probe,1.059000,0,
1060,probe,1.060000,0,
1061,probe,1.061000,0,
1062,probe,1.062000,0,
1063,probe,1.063000,0,
1064,probe,1.064000,0,
1065,probe,1.065000,0,
1066,probe,1.066000,0,
1067,probe,1.067000,0,
1068,probe,1.068000,0,
1069,probe,1.069000,0,
1070,probe,1.070000,0,
1071,probe,1.071000,0,
1072,probe,1.072000,0,
1073,probe,1.073000,0,
1074,probe,1.074000,0,
1075,probe,1.075000,0,
1076,probe,1.076000,0,
1077,probe,1.077000,0,
1078,probe,1.078000,0,
1079,probe,1.079000,0,
1080,probe,1.080000,0,
1081,probe,1.081000,0,
1082,probe,1.082000,0,
1083,probe,1.083000,0,
1084,probe,1.084000,0,
1085,probe,1.085000,0,
1086,probe,1.086000,0,
1087,probe,1.087000,0,
1088,probe,1.088000,0,
1089,probe,1.089000,0,
1090,probe,1.090000,0,
1091,probe,1.091000,0,
1092,probe,1.092000,0,
1093,probe,1.093000,0,
1094,probe,1.094000,0,
1095,probe,1.095000,0,
1096,probe,1.096000,0,
1097,probe,1.097000,0,
1098,probe,1.098000,0,
1099,probe,1.099000,0,
1100,probe,1.100000,0,
1101,probe,1.101000,0,
1102,probe,1.102000,0,
1103,probe,1.103000,0,
1104,probe,1.104000,0,
1105,probe,1.105000,0,
1106,probe,1.106000,0,
1107,probe,1.107000,0,
1108,probe,1.108000,0,
1109,probe,1.109000,0,
1110,probe,1.110000,0,
1111,probe,1.111000,0,
1112,probe,1.112000,0,
1113,probe,1.113000,0,
1114,probe,1.114000,0,
1115,probe,1.115000,0,
1116,probe,1.116000,0,
1117,probe,1.117000,0,
1118,probe,1.118000,0,
1119,probe,1.119000,0,
1120,probe,1.120000,0,
1121,probe,1.121000,0,
1122,probe,1.122000,0,
1123,probe,1.123000,0,
1124,probe,1.124000,0,
1125,probe,1.125000,0,
1126,probe,1.126000,0,
1127,probe,1.127000,0,
1128,probe,1.128000,0,
1129,probe,1.129000,0,
1130,probe,1.130000,0,
1131,probe,1.131000,0,
1132,probe,1.132000,0,
1133,probe,1.133000,0,
1134,probe,1.134000,0,
1135,probe,1.135000,0,
1136,probe,1.136000,0,
1137,probe,1.137000,0,
1138,probe,1.138000,0,
1139,probe,1.139000,1,720575940627140551
1140,probe,1.140000,0,
1141,probe,1.141000,0,
1142,probe,1.142000,0,
1143,probe,1.143000,0,
1144,probe,1.144000,0,
1145,probe,1.145000,0,
1146,probe,1.146000,0,
1147,probe,1.147000,0,
1148,probe,1.148000,0,
1149,probe,1.149000,0,
1150,probe,1.150000,0,
1151,probe,1.151000,0,
1152,probe,1.152000,0,
1153,probe,1.153000,0,
1154,probe,1.154000,0,
1155,probe,1.155000,0,
1156,probe,1.156000,0,
1157,probe,1.157000,0,
1158,probe,1.158000,0,
1159,probe,1.159000,0,
1160,probe,1.160000,0,
1161,probe,1.161000,0,
1162,probe,1.162000,0,
1163,probe,1.163000,0,
1164,probe,1.164000,0,
1165,probe,1.165000,0,
1166,probe,1.166000,0,
1167,probe,1.167000,0,
1168,probe,1.168000,0,
1169,probe,1.169000,0,
1170,probe,1.170000,0,
1171,probe,1.171000,0,
1172,probe,1.172000,0,
1173,probe,1.173000,0,
1174,probe,1.174000,0,
1175,probe,1.175000,0,
1176,probe,1.176000,0,
1177,probe,1.177000,0,
1178,probe,1.178000,0,
1179,probe,1.179000,0,
1180,probe,1.180000,0,
1181,probe,1.181000,0,
1182,probe,1.182000,0,
1183,probe,1.183000,0,
1184,probe,1.184000,0,
1185,probe,1.185000,0,
1186,probe,1.186000,0,
1187,probe,1.187000,0,
1188,probe,1.188000,0,
1189,probe,1.189000,0,
1190,probe,1.190000,0,
1191,probe,1.191000,0,
1192,probe,1.192000,0,
1193,probe,1.193000,0,
1194,probe,1.194000,0,
1195,probe,1.195000,0,
1196,probe,1.196000,0,
1197,probe,1.197000,0,
1198,probe,1.198000,0,
1199,probe,1.199000,0,
1200,probe,1.200000,0,
1201,probe,1.201000,0,
1202,probe,1.202000,0,
1203,probe,1.203000,0,
1204,probe,1.204000,0,
1205,probe,1.205000,0,
1206,probe,1.206000,0,
1207,probe,1.207000,0,
1208,probe,1.208000,0,
1209,probe,1.209000,0,
1210,probe,1.210000,0,
1211,probe,1.211000,0,
1212,probe,1.212000,0,
1213,probe,1.213000,0,
1214,probe,1.214000,0,
1215,probe,1.215000,0,
1216,probe,1.216000,0,
1217,probe,1.217000,0,
1218,probe,1.218000,0,
1219,probe,1.219000,0,
1220,probe,1.220000,0,
1221,probe,1.221000,0,
1222,probe,1.222000,0,
1223,probe,1.223000,0,
1224,probe,1.224000,0,
1225,probe,1.225000,0,
1226,probe,1.226000,0,
1227,probe,1.227000,0,
1228,probe,1.228000,0,
1229,probe,1.229000,0,
1230,probe,1.230000,0,
1231,probe,1.231000,0,
1232,probe,1.232000,0,
1233,probe,1.233000,0,
1234,probe,1.234000,0,
1235,probe,1.235000,0,
1236,probe,1.236000,0,
1237,probe,1.237000,0,
1238,probe,1.238000,0,
1239,probe,1.239000,0,
1240,probe,1.240000,0,
1241,probe,1.241000,0,
1242,probe,1.242000,0,
1243,probe,1.243000,0,
1244,probe,1.244000,0,
1245,probe,1.245000,0,
1246,probe,1.246000,0,
1247,probe,1.247000,0,
1248,probe,1.248000,0,
1249,probe,1.249000,0,
1250,probe,1.250000,0,
1251,probe,1.251000,0,
1252,probe,1.252000,0,
1253,probe,1.253000,0,
1254,probe,1.254000,0,
1255,probe,1.255000,0,
1256,probe,1.256000,0,
1257,probe,1.257000,0,
1258,probe,1.258000,0,
1259,probe,1.259000,0,
1260,probe,1.260000,0,
1261,probe,1.261000,0,
1262,probe,1.262000,1,720575940627140551
1263,probe,1.263000,0,
1264,probe,1.264000,0,
1265,probe,1.265000,0,
1266,probe,1.266000,0,
1267,probe,1.267000,0,
1268,probe,1.268000,0,
1269,probe,1.269000,0,
1270,probe,1.270000,0,
1271,probe,1.271000,0,
1272,probe,1.272000,0,
1273,probe,1.273000,0,
1274,probe,1.274000,0,
1275,probe,1.275000,0,
1276,probe,1.276000,0,
1277,probe,1.277000,0,
1278,probe,1.278000,0,
1279,probe,1.279000,0,
1280,probe,1.280000,0,
1281,probe,1.281000,0,
1282,probe,1.282000,0,
1283,probe,1.283000,0,
1284,probe,1.284000,0,
1285,probe,1.285000,0,
1286,probe,1.286000,0,
1287,probe,1.287000,0,
1288,probe,1.288000,0,
1289,probe,1.289000,0,
1290,probe,1.290000,0,
1291,probe,1.291000,0,
1292,probe,1.292000,0,
1293,probe,1.293000,0,
1294,probe,1.294000,0,
1295,probe,1.295000,0,
1296,probe,1.296000,0,
1297,probe,1.297000,0,
1298,probe,1.298000,0,
1299,probe,1.299000,0,
1300,probe,1.300000,0,
1301,probe,1.301000,0,
1302,probe,1.302000,0,
1303,probe,1.303000,0,
1304,probe,1.304000,0,
1305,probe,1.305000,0,
1306,probe,1.306000,0,
1307,probe,1.307000,0,
1308,probe,1.308000,0,
1309,probe,1.309000,0,
1310,probe,1.310000,0,
1311,probe,1.311000,0,
1312,probe,1.312000,0,
1313,probe,1.313000,0,
1314,probe,1.314000,0,
1315,probe,1.315000,0,
1316,probe,1.316000,0,
1317,probe,1.317000,0,
1318,probe,1.318000,0,
1319,probe,1.319000,0,
1320,probe,1.320000,0,
1321,probe,1.321000,0,
1322,probe,1.322000,0,
1323,probe,1.323000,0,
1324,probe,1.324000,0,
1325,probe,1.325000,0,
1326,probe,1.326000,0,
1327,probe,1.327000,0,
1328,probe,1.328000,0,
1329,probe,1.329000,0,
1330,probe,1.330000,0,
1331,probe,1.331000,0,
1332,probe,1.332000,0,
1333,probe,1.333000,0,
1334,probe,1.334000,0,
1335,probe,1.335000,0,
1336,probe,1.336000,0,
1337,probe,1.337000,0,
1338,probe,1.338000,0,
1339,probe,1.339000,0,
1340,probe,1.340000,0,
1341,probe,1.341000,0,
1342,probe,1.342000,0,
1343,probe,1.343000,0,
1344,probe,1.344000,0,
1345,probe,1.345000,0,
1346,probe,1.346000,0,
1347,probe,1.347000,0,
1348,probe,1.348000,0,
1349,probe,1.349000,0,
1350,probe,1.350000,0,
1351,probe,1.351000,0,
1352,probe,1.352000,0,
1353,probe,1.353000,0,
1354,probe,1.354000,0,
1355,probe,1.355000,0,
1356,probe,1.356000,0,
1357,probe,1.357000,1,720575940642634532
1358,probe,1.358000,0,
1359,probe,1.359000,0,
1360,probe,1.360000,0,
1361,probe,1.361000,0,
1362,probe,1.362000,0,
1363,probe,1.363000,0,
1364,probe,1.364000,0,
1365,probe,1.365000,0,
1366,probe,1.366000,0,
1367,probe,1.367000,0,
1368,probe,1.368000,0,
1369,probe,1.369000,0,
1370,probe,1.370000,0,
1371,probe,1.371000,0,
1372,probe,1.372000,0,
1373,probe,1.373000,0,
1374,probe,1.374000,0,
1375,probe,1.375000,0,
1376,probe,1.376000,0,
1377,probe,1.377000,0,
1378,probe,1.378000,0,
1379,probe,1.379000,0,
1380,probe,1.380000,0,
1381,probe,1.381000,0,
1382,probe,1.382000,0,
1383,probe,1.383000,0,
1384,probe,1.384000,0,
1385,probe,1.385000,0,
1386,probe,1.386000,0,
1387,probe,1.387000,0,
1388,probe,1.388000,0,
1389,probe,1.389000,0,
1390,probe,1.390000,0,
1391,probe,1.391000,0,
1392,probe,1.392000,0,
1393,probe,1.393000,0,
1394,probe,1.394000,0,
1395,probe,1.395000,0,
1396,probe,1.396000,0,
1397,probe,1.397000,0,
1398,probe,1.398000,0,
1399,probe,1.399000,0,
1400,probe,1.400000,0,
1401,probe,1.401000,0,
1402,probe,1.402000,0,
1403,probe,1.403000,0,
1404,probe,1.404000,0,
1405,probe,1.405000,0,
1406,probe,1.406000,0,
1407,probe,1.407000,0,
1408,probe,1.408000,0,
1409,probe,1.409000,0,
1410,probe,1.410000,0,
1411,probe,1.411000,0,
1412,probe,1.412000,0,
1413,probe,1.413000,0,
1414,probe,1.414000,0,
1415,probe,1.415000,0,
1416,probe,1.416000,0,
1417,probe,1.417000,0,
1418,probe,1.418000,0,
1419,probe,1.419000,0,
1420,probe,1.420000,0,
1421,probe,1.421000,0,
1422,probe,1.422000,0,
1423,probe,1.423000,0,
1424,probe,1.424000,0,
1425,probe,1.425000,0,
1426,probe,1.426000,0,
1427,probe,1.427000,0,
1428,probe,1.428000,0,
1429,probe,1.429000,0,
1430,probe,1.430000,0,
1431,probe,1.431000,0,
1432,probe,1.432000,0,
1433,probe,1.433000,0,
1434,probe,1.434000,0,
1435,probe,1.435000,0,
1436,probe,1.436000,0,
1437,probe,1.437000,0,
1438,probe,1.438000,0,
1439,probe,1.439000,0,
1440,probe,1.440000,0,
1441,probe,1.441000,0,
1442,probe,1.442000,0,
1443,probe,1.443000,0,
1444,probe,1.444000,0,
1445,probe,1.445000,0,
1446,probe,1.446000,0,
1447,probe,1.447000,0,
1448,probe,1.448000,0,
1449,probe,1.449000,0,
1450,probe,1.450000,0,
1451,probe,1.451000,0,
1452,probe,1.452000,0,
1453,probe,1.453000,0,
1454,probe,1.454000,0,
1455,probe,1.455000,0,
1456,probe,1.456000,0,
1457,probe,1.457000,0,
1458,probe,1.458000,0,
1459,probe,1.459000,0,
1460,probe,1.460000,0,
1461,probe,1.461000,0,
1462,probe,1.462000,0,
1463,probe,1.463000,0,
1464,probe,1.464000,0,
1465,probe,1.465000,0,
1466,probe,1.466000,0,
1467,probe,1.467000,0,
1468,probe,1.468000,0,
1469,probe,1.469000,0,
1470,probe,1.470000,0,
1471,probe,1.471000,0,
1472,probe,1.472000,0,
1473,probe,1.473000,0,
1474,probe,1.474000,0,
1475,probe,1.475000,0,
1476,probe,1.476000,0,
1477,probe,1.477000,0,
1478,probe,1.478000,0,
1479,probe,1.479000,0,
1480,probe,1.480000,0,
1481,probe,1.481000,0,
1482,probe,1.482000,0,
1483,probe,1.483000,0,
1484,probe,1.484000,0,
1485,probe,1.485000,0,
1486,probe,1.486000,0,
1487,probe,1.487000,0,
1488,probe,1.488000,0,
1489,probe,1.489000,0,
1490,probe,1.490000,0,
1491,probe,1.491000,0,
1492,probe,1.492000,0,
1493,probe,1.493000,0,
1494,probe,1.494000,0,
1495,probe,1.495000,0,
1496,probe,1.496000,0,
1497,probe,1.497000,0,
1498,probe,1.498000,0,
1499,probe,1.499000,0,
1500,probe,1.500000,0,
1501,probe,1.501000,0,
1502,probe,1.502000,0,
1503,probe,1.503000,0,
1504,probe,1.504000,0,
1505,probe,1.505000,0,
1506,probe,1.506000,0,
1507,probe,1.507000,0,
1508,probe,1.508000,0,
1509,probe,1.509000,0,
1510,probe,1.510000,0,
1511,probe,1.511000,0,
1512,probe,1.512000,0,
1513,probe,1.513000,0,
1514,probe,1.514000,0,
1515,probe,1.515000,0,
1516,probe,1.516000,0,
1517,probe,1.517000,0,
1518,probe,1.518000,0,
1519,probe,1.519000,0,
1520,probe,1.520000,0,
1521,probe,1.521000,0,
1522,probe,1.522000,0,
1523,probe,1.523000,0,
1524,probe,1.524000,0,
1525,probe,1.525000,0,
1526,probe,1.526000,0,
1527,probe,1.527000,0,
1528,probe,1.528000,0,
1529,probe,1.529000,0,
1530,probe,1.530000,0,
1531,probe,1.531000,0,
1532,probe,1.532000,0,
1533,probe,1.533000,0,
1534,probe,1.534000,0,
1535,probe,1.535000,0,
1536,probe,1.536000,0,
1537,probe,1.537000,0,
1538,probe,1.538000,0,
1539,probe,1.539000,0,
1540,probe,1.540000,0,
1541,probe,1.541000,0,
1542,probe,1.542000,0,
1543,probe,1.543000,0,
1544,probe,1.544000,0,
1545,probe,1.545000,0,
1546,probe,1.546000,0,
1547,probe,1.547000,0,
1548,probe,1.548000,1,720575940627140551
1549,probe,1.549000,0,
1550,probe,1.550000,0,
1551,probe,1.551000,0,
1552,probe,1.552000,0,
1553,probe,1.553000,0,
1554,probe,1.554000,0,
1555,probe,1.555000,0,
1556,probe,1.556000,0,
1557,probe,1.557000,0,
1558,probe,1.558000,0,
1559,probe,1.559000,0,
1560,probe,1.560000,0,
1561,probe,1.561000,0,
1562,probe,1.562000,0,
1563,probe,1.563000,0,
1564,probe,1.564000,0,
1565,probe,1.565000,0,
1566,probe,1.566000,0,
1567,probe,1.567000,0,
1568,probe,1.568000,0,
1569,probe,1.569000,0,
1570,probe,1.570000,0,
1571,probe,1.571000,0,
1572,probe,1.572000,0,
1573,probe,1.573000,0,
1574,probe,1.574000,0,
1575,probe,1.575000,0,
1576,probe,1.576000,0,
1577,probe,1.577000,0,
1578,probe,1.578000,0,
1579,probe,1.579000,0,
1580,probe,1.580000,0,
1581,probe,1.581000,0,
1582,probe,1.582000,0,
1583,probe,1.583000,0,
1584,probe,1.584000,0,
1585,probe,1.585000,0,
1586,probe,1.586000,0,
1587,probe,1.587000,0,
1588,probe,1.588000,0,
1589,probe,1.589000,0,
1590,probe,1.590000,0,
1591,probe,1.591000,0,
1592,probe,1.592000,0,
1593,probe,1.593000,0,
1594,probe,1.594000,0,
1595,probe,1.595000,0,
1596,probe,1.596000,0,
1597,probe,1.597000,0,
1598,probe,1.598000,0,
1599,probe,1.599000,0,
1600,probe,1.600000,0,
1601,probe,1.601000,0,
1602,probe,1.602000,0,
1603,probe,1.603000,0,
1604,probe,1.604000,0,
1605,probe,1.605000,0,
1606,probe,1.606000,0,
1607,probe,1.607000,0,
1608,probe,1.608000,0,
1609,probe,1.609000,0,
1610,probe,1.610000,0,
1611,probe,1.611000,0,
1612,probe,1.612000,0,
1613,probe,1.613000,0,
1614,probe,1.614000,0,
1615,probe,1.615000,0,
1616,probe,1.616000,0,
1617,probe,1.617000,0,
1618,probe,1.618000,0,
1619,probe,1.619000,0,
1620,probe,1.620000,0,
1621,probe,1.621000,0,
1622,probe,1.622000,0,
1623,probe,1.623000,0,
1624,probe,1.624000,0,
1625,probe,1.625000,0,
1626,probe,1.626000,0,
1627,probe,1.627000,0,
1628,probe,1.628000,0,
1629,probe,1.629000,0,
1630,probe,1.630000,0,
1631,probe,1.631000,0,
1632,probe,1.632000,0,
1633,probe,1.633000,0,
1634,probe,1.634000,0,
1635,probe,1.635000,0,
1636,probe,1.636000,0,
1637,probe,1.637000,0,
1638,probe,1.638000,0,
1639,probe,1.639000,0,
1640,probe,1.640000,0,
1641,probe,1.641000,0,
1642,probe,1.642000,0,
1643,probe,1.643000,0,
1644,probe,1.644000,0,
1645,probe,1.645000,0,
1646,probe,1.646000,0,
1647,probe,1.647000,0,
1648,probe,1.648000,0,
1649,probe,1.649000,0,
1650,probe,1.650000,0,
1651,probe,1.651000,0,
1652,probe,1.652000,0,
1653,probe,1.653000,0,
1654,probe,1.654000,0,
1655,probe,1.655000,0,
1656,probe,1.656000,0,
1657,probe,1.657000,0,
1658,probe,1.658000,0,
1659,probe,1.659000,0,
1660,probe,1.660000,0,
1661,probe,1.661000,0,
1662,probe,1.662000,0,
1663,probe,1.663000,0,
1664,probe,1.664000,0,
1665,probe,1.665000,0,
1666,probe,1.666000,0,
1667,probe,1.667000,0,
1668,probe,1.668000,0,
1669,probe,1.669000,0,
1670,probe,1.670000,0,
1671,probe,1.671000,0,
1672,probe,1.672000,0,
1673,probe,1.673000,0,
1674,probe,1.674000,0,
1675,probe,1.675000,0,
1676,probe,1.676000,0,
1677,probe,1.677000,0,
1678,probe,1.678000,0,
1679,probe,1.679000,0,
1680,probe,1.680000,0,
1681,probe,1.681000,0,
1682,probe,1.682000,0,
1683,probe,1.683000,0,
1684,probe,1.684000,0,
1685,probe,1.685000,0,
1686,probe,1.686000,0,
1687,probe,1.687000,0,
1688,probe,1.688000,0,
1689,probe,1.689000,0,
1690,probe,1.690000,0,
1691,probe,1.691000,0,
1692,probe,1.692000,0,
1693,probe,1.693000,0,
1694,probe,1.694000,0,
1695,probe,1.695000,0,
1696,probe,1.696000,0,
1697,probe,1.697000,0,
1698,probe,1.698000,0,
1699,probe,1.699000,0,
1700,probe,1.700000,0,
1701,probe,1.701000,0,
1702,probe,1.702000,0,
1703,probe,1.703000,0,
1704,probe,1.704000,0,
1705,probe,1.705000,0,
1706,probe,1.706000,0,
1707,probe,1.707000,0,
1708,probe,1.708000,0,
1709,probe,1.709000,0,
1710,probe,1.710000,0,
1711,probe,1.711000,0,
1712,probe,1.712000,0,
1713,probe,1.713000,0,
1714,probe,1.714000,0,
1715,probe,1.715000,0,
1716,probe,1.716000,0,
1717,probe,1.717000,0,
1718,probe,1.718000,0,
1719,probe,1.719000,0,
1720,probe,1.720000,0,
1721,probe,1.721000,0,
1722,probe,1.722000,0,
1723,probe,1.723000,0,
1724,probe,1.724000,0,
1725,probe,1.725000,0,
1726,probe,1.726000,0,
1727,probe,1.727000,0,
1728,probe,1.728000,0,
1729,probe,1.729000,0,
1730,probe,1.730000,0,
1731,probe,1.731000,0,
1732,probe,1.732000,0,
1733,probe,1.733000,0,
1734,probe,1.734000,0,
1735,probe,1.735000,0,
1736,probe,1.736000,0,
1737,probe,1.737000,0,
1738,probe,1.738000,0,
1739,probe,1.739000,0,
1740,probe,1.740000,0,
1741,probe,1.741000,0,
1742,probe,1.742000,0,
1743,probe,1.743000,0,
1744,probe,1.744000,0,
1745,probe,1.745000,0,
1746,probe,1.746000,0,
1747,probe,1.747000,0,
1748,probe,1.748000,0,
1749,probe,1.749000,0,
1750,probe,1.750000,0,
1751,probe,1.751000,0,
1752,probe,1.752000,0,
1753,probe,1.753000,0,
1754,probe,1.754000,0,
1755,probe,1.755000,0,
1756,probe,1.756000,0,
1757,probe,1.757000,0,
1758,probe,1.758000,0,
1759,probe,1.759000,0,
1760,probe,1.760000,0,
1761,probe,1.761000,0,
1762,probe,1.762000,0,
1763,probe,1.763000,0,
1764,probe,1.764000,0,
1765,probe,1.765000,0,
1766,probe,1.766000,0,
1767,probe,1.767000,0,
1768,probe,1.768000,0,
1769,probe,1.769000,0,
1770,probe,1.770000,0,
1771,probe,1.771000,0,
1772,probe,1.772000,0,
1773,probe,1.773000,0,
1774,probe,1.774000,0,
1775,probe,1.775000,0,
1776,probe,1.776000,0,
1777,probe,1.777000,0,
1778,probe,1.778000,0,
1779,probe,1.779000,0,
1780,probe,1.780000,0,
1781,probe,1.781000,0,
1782,probe,1.782000,0,
1783,probe,1.783000,0,
1784,probe,1.784000,0,
1785,probe,1.785000,0,
1786,probe,1.786000,0,
1787,probe,1.787000,0,
1788,probe,1.788000,0,
1789,probe,1.789000,0,
1790,probe,1.790000,0,
1791,probe,1.791000,0,
1792,probe,1.792000,0,
1793,probe,1.793000,0,
1794,probe,1.794000,0,
1795,probe,1.795000,0,
1796,probe,1.796000,0,
1797,probe,1.797000,0,
1798,probe,1.798000,0,
1799,probe,1.799000,0,
1800,probe,1.800000,0,
1801,probe,1.801000,0,
1802,probe,1.802000,0,
1803,probe,1.803000,0,
1804,probe,1.804000,0,
1805,probe,1.805000,0,
1806,probe,1.806000,0,
1807,probe,1.807000,0,
1808,probe,1.808000,0,
1809,probe,1.809000,0,
1810,probe,1.810000,0,
1811,probe,1.811000,0,
1812,probe,1.812000,0,
1813,probe,1.813000,1,720575940627140551
1814,probe,1.814000,0,
1815,probe,1.815000,0,
1816,probe,1.816000,0,
1817,probe,1.817000,0,
1818,probe,1.818000,0,
1819,probe,1.819000,0,
1820,probe,1.820000,0,
1821,probe,1.821000,0,
1822,probe,1.822000,0,
1823,probe,1.823000,0,
1824,probe,1.824000,0,
1825,probe,1.825000,0,
1826,probe,1.826000,0,
1827,probe,1.827000,0,
1828,probe,1.828000,0,
1829,probe,1.829000,0,
1830,probe,1.830000,0,
1831,probe,1.831000,0,
1832,probe,1.832000,0,
1833,probe,1.833000,0,
1834,probe,1.834000,0,
1835,probe,1.835000,0,
1836,probe,1.836000,0,
1837,probe,1.837000,0,
1838,probe,1.838000,0,
1839,probe,1.839000,0,
1840,probe,1.840000,0,
1841,probe,1.841000,0,
1842,probe,1.842000,0,
1843,probe,1.843000,0,
1844,probe,1.844000,0,
1845,probe,1.845000,0,
1846,probe,1.846000,0,
1847,probe,1.847000,0,
1848,probe,1.848000,0,
1849,probe,1.849000,0,
1850,probe,1.850000,0,
1851,probe,1.851000,0,
1852,probe,1.852000,0,
1853,probe,1.853000,0,
1854,probe,1.854000,0,
1855,probe,1.855000,0,
1856,probe,1.856000,0,
1857,probe,1.857000,0,
1858,probe,1.858000,0,
1859,probe,1.859000,0,
1860,probe,1.860000,0,
1861,probe,1.861000,0,
1862,probe,1.862000,0,
1863,probe,1.863000,0,
1864,probe,1.864000,0,
1865,probe,1.865000,0,
1866,probe,1.866000,0,
1867,probe,1.867000,0,
1868,probe,1.868000,0,
1869,probe,1.869000,0,
1870,probe,1.870000,0,
1871,probe,1.871000,0,
1872,probe,1.872000,0,
1873,probe,1.873000,0,
1874,probe,1.874000,0,
1875,probe,1.875000,0,
1876,probe,1.876000,0,
1877,probe,1.877000,0,
1878,probe,1.878000,0,
1879,probe,1.879000,0,
1880,probe,1.880000,0,
1881,probe,1.881000,0,
1882,probe,1.882000,0,
1883,probe,1.883000,0,
1884,probe,1.884000,0,
1885,probe,1.885000,0,
1886,probe,1.886000,0,
1887,probe,1.887000,0,
1888,probe,1.888000,0,
1889,probe,1.889000,0,
1890,probe,1.890000,0,
1891,probe,1.891000,0,
1892,probe,1.892000,0,
1893,probe,1.893000,0,
1894,probe,1.894000,0,
1895,probe,1.895000,0,
1896,probe,1.896000,0,
1897,probe,1.897000,0,
1898,probe,1.898000,0,
1899,probe,1.899000,0,
1900,probe,1.900000,0,
1901,probe,1.901000,0,
1902,probe,1.902000,0,
1903,probe,1.903000,0,
1904,probe,1.904000,0,
1905,probe,1.905000,0,
1906,probe,1.906000,0,
1907,probe,1.907000,0,
1908,probe,1.908000,0,
1909,probe,1.909000,0,
1910,probe,1.910000,0,
1911,probe,1.911000,0,
1912,probe,1.912000,0,
1913,probe,1.913000,0,
1914,probe,1.914000,0,
1915,probe,1.915000,0,
1916,probe,1.916000,0,
1917,probe,1.917000,0,
1918,probe,1.918000,0,
1919,probe,1.919000,0,
1920,probe,1.920000,0,
1921,probe,1.921000,0,
1922,probe,1.922000,0,
1923,probe,1.923000,0,
1924,probe,1.924000,0,
1925,probe,1.925000,0,
1926,probe,1.926000,0,
1927,probe,1.927000,0,
1928,probe,1.928000,0,
1929,probe,1.929000,0,
1930,probe,1.930000,0,
1931,probe,1.931000,0,
1932,probe,1.932000,0,
1933,probe,1.933000,0,
1934,probe,1.934000,0,
1935,probe,1.935000,0,
1936,probe,1.936000,0,
1937,probe,1.937000,0,
1938,probe,1.938000,0,
1939,probe,1.939000,0,
1940,probe,1.940000,0,
1941,probe,1.941000,0,
1942,probe,1.942000,0,
1943,probe,1.943000,0,
1944,probe,1.944000,0,
1945,probe,1.945000,0,
1946,probe,1.946000,0,
1947,probe,1.947000,0,
1948,probe,1.948000,0,
1949,probe,1.949000,0,
1950,probe,1.950000,0,
1951,probe,1.951000,0,
1952,probe,1.952000,0,
1953,probe,1.953000,0,
1954,probe,1.954000,0,
1955,probe,1.955000,0,
1956,probe,1.956000,0,
1957,probe,1.957000,0,
1958,probe,1.958000,0,
1959,probe,1.959000,0,
1960,probe,1.960000,0,
1961,probe,1.961000,0,
1962,probe,1.962000,0,
1963,probe,1.963000,0,
1964,probe,1.964000,0,
1965,probe,1.965000,0,
1966,probe,1.966000,0,
1967,probe,1.967000,0,
1968,probe,1.968000,0,
1969,probe,1.969000,0,
1970,probe,1.970000,0,
1971,probe,1.971000,0,
1972,probe,1.972000,0,
1973,probe,1.973000,0,
1974,probe,1.974000,0,
1975,probe,1.975000,0,
1976,probe,1.976000,0,
1977,probe,1.977000,0,
1978,probe,1.978000,0,
1979,probe,1.979000,0,
1980,probe,1.980000,0,
1981,probe,1.981000,0,
1982,probe,1.982000,0,
1983,probe,1.983000,0,
1984,probe,1.984000,0,
1985,probe,1.985000,0,
1986,probe,1.986000,0,
1987,probe,1.987000,0,
1988,probe,1.988000,0,
1989,probe,1.989000,0,
1990,probe,1.990000,0,
1991,probe,1.991000,0,
1992,probe,1.992000,0,
1993,probe,1.993000,0,
1994,probe,1.994000,0,
1995,probe,1.995000,0,
1996,probe,1.996000,0,
1997,probe,1.997000,0,
1998,probe,1.998000,0,
1999,probe,1.999000,0,
2000,probe,2.000000,0,
