driver_root_id,flow,class,cell_type,driver_to_epg_signed_sum,edges_to_epg,targets_hit,min_hops_from_any_afferent,min_hops_from_olfvis_afferent,direct_afferent_edges,direct_afferent_conn_sum,direct_afferent_signed_sum,direct_afferent_unique_presyn,direct_olfvis_edges,direct_olfvis_conn_sum,direct_olfvis_signed_sum,direct_olfvis_unique_presyn
720575940624452902,intrinsic,CX,,956.0,51,51,1,2,5.0,8.0,0.0,5.0,0,0,0,0
720575940617672226,intrinsic,CX,,479.0,51,51,1,2,6.0,8.0,-2.0,6.0,0,0,0,0
720575940640749939,intrinsic,CX,,455.0,45,45,1,2,3.0,7.0,-5.0,3.0,0,0,0,0
720575940628557178,intrinsic,CX,,419.0,19,19,2,3,0.0,0.0,0.0,0.0,0,0,0,0
720575940603823462,intrinsic,CX,,412.0,20,20,2,3,0.0,0.0,0.0,0.0,0,0,0,0
720575940628866809,intrinsic,CX,,393.0,17,17,2,2,0.0,0.0,0.0,0.0,0,0,0,0
720575940642855328,intrinsic,CX,,392.0,21,21,1,2,1.0,1.0,1.0,1.0,0,0,0,0
720575940605639858,intrinsic,CX,,353.0,16,16,2,2,0.0,0.0,0.0,0.0,0,0,0,0
720575940610249426,intrinsic,CX,,352.0,20,20,2,3,0.0,0.0,0.0,0.0,0,0,0,0
720575940620571953,intrinsic,CX,,342.0,46,46,2,3,0.0,0.0,0.0,0.0,0,0,0,0
720575940624879678,intrinsic,CX,,342.0,22,22,2,2,0.0,0.0,0.0,0.0,0,0,0,0
720575940638847104,intrinsic,CX,,335.0,18,18,2,3,0.0,0.0,0.0,0.0,0,0,0,0
720575940636242778,intrinsic,CX,,312.0,13,13,2,3,0.0,0.0,0.0,0.0,0,0,0,0
720575940626469909,intrinsic,CX,,304.0,18,18,2,2,0.0,0.0,0.0,0.0,0,0,0,0
720575940624594726,intrinsic,CX,,298.0,18,18,2,3,0.0,0.0,0.0,0.0,0,0,0,0
720575940624453680,intrinsic,CX,,286.0,12,12,2,3,0.0,0.0,0.0,0.0,0,0,0,0
720575940612763158,intrinsic,CX,,278.0,12,12,2,3,0.0,0.0,0.0,0.0,0,0,0,0
720575940627653114,intrinsic,CX,,267.0,12,12,2,3,0.0,0.0,0.0,0.0,0,0,0,0
720575940626407820,intrinsic,CX,,252.0,13,13,2,3,0.0,0.0,0.0,0.0,0,0,0,0
720575940621074835,intrinsic,CX,,242.0,18,18,2,2,0.0,0.0,0.0,0.0,0,0,0,0
720575940623388237,intrinsic,CX,,238.0,11,11,2,3,0.0,0.0,0.0,0.0,0,0,0,0
720575940610502851,intrinsic,CX,,230.0,19,19,2,3,0.0,0.0,0.0,0.0,0,0,0,0
720575940626194428,intrinsic,CX,,227.0,18,18,2,3,0.0,0.0,0.0,0.0,0,0,0,0
720575940637644659,intrinsic,CX,,222.0,17,17,2,3,0.0,0.0,0.0,0.0,0,0,0,0
720575940632736703,intrinsic,CX,,218.0,18,18,2,3,0.0,0.0,0.0,0.0,0,0,0,0
720575940616459333,intrinsic,CX,,213.0,12,12,2,3,0.0,0.0,0.0,0.0,0,0,0,0
720575940606123954,intrinsic,CX,,208.0,10,10,2,3,0.0,0.0,0.0,0.0,0,0,0,0
720575940622913260,intrinsic,CX,,206.0,15,15,2,3,0.0,0.0,0.0,0.0,0,0,0,0
720575940638832512,intrinsic,CX,,202.0,12,12,2,2,0.0,0.0,0.0,0.0,0,0,0,0
720575940617828731,intrinsic,CX,,186.0,10,10,2,3,0.0,0.0,0.0,0.0,0,0,0,0
720575940619476126,intrinsic,CX,,179.0,17,17,2,3,0.0,0.0,0.0,0.0,0,0,0,0
720575940608918830,intrinsic,CX,,178.0,11,11,2,3,0.0,0.0,0.0,0.0,0,0,0,0
720575940631372369,intrinsic,CX,,177.0,13,13,2,3,0.0,0.0,0.0,0.0,0,0,0,0
720575940622265894,intrinsic,CX,,172.0,10,10,2,3,0.0,0.0,0.0,0.0,0,0,0,0
720575940658472065,intrinsic,CX,,172.0,11,11,2,3,0.0,0.0,0.0,0.0,0,0,0,0
720575940625407107,intrinsic,CX,,171.0,16,16,2,2,0.0,0.0,0.0,0.0,0,0,0,0
720575940638055869,intrinsic,CX,,171.0,11,11,2,3,0.0,0.0,0.0,0.0,0,0,0,0
720575940630666404,intrinsic,CX,,160.0,11,11,2,3,0.0,0.0,0.0,0.0,0,0,0,0
720575940625415813,intrinsic,CX,,157.0,13,13,2,3,0.0,0.0,0.0,0.0,0,0,0,0
720575940615177099,intrinsic,CX,,150.0,11,11,2,3,0.0,0.0,0.0,0.0,0,0,0,0
720575940625021796,intrinsic,CX,,148.0,11,11,2,3,0.0,0.0,0.0,0.0,0,0,0,0
720575940612920466,intrinsic,CX,,147.0,10,10,2,3,0.0,0.0,0.0,0.0,0,0,0,0
720575940635461550,intrinsic,CX,,140.0,14,14,2,2,0.0,0.0,0.0,0.0,0,0,0,0
720575940626306321,intrinsic,CX,,129.0,11,11,2,3,0.0,0.0,0.0,0.0,0,0,0,0
720575940628843458,intrinsic,CX,,115.0,16,16,2,2,0.0,0.0,0.0,0.0,0,0,0,0
720575940631708836,intrinsic,CX,,106.0,14,14,2,2,0.0,0.0,0.0,0.0,0,0,0,0
720575940638850512,intrinsic,CX,,106.0,12,12,2,2,0.0,0.0,0.0,0.0,0,0,0,0
720575940628493572,intrinsic,CX,,101.0,14,14,2,3,0.0,0.0,0.0,0.0,0,0,0,0
720575940643558692,intrinsic,CX,,100.0,12,12,2,3,0.0,0.0,0.0,0.0,0,0,0,0
720575940627264062,intrinsic,CX,,92.0,39,39,1,2,8.0,109.0,-95.0,8.0,0,0,0,0
720575940632844002,intrinsic,CX,,90.0,11,11,2,2,0.0,0.0,0.0,0.0,0,0,0,0
720575940627140551,intrinsic,CX,,89.0,12,12,2,2,0.0,0.0,0.0,0.0,0,0,0,0
720575940628802041,intrinsic,CX,,89.0,21,21,2,3,0.0,0.0,0.0,0.0,0,0,0,0
720575940614926475,intrinsic,CX,,88.0,14,14,2,2,0.0,0.0,0.0,0.0,0,0,0,0
720575940613836438,intrinsic,CX,,87.0,12,12,2,2,0.0,0.0,0.0,0.0,0,0,0,0
720575940617769851,intrinsic,CX,,84.0,8,8,2,3,0.0,0.0,0.0,0.0,0,0,0,0
720575940620282906,intrinsic,CX,,83.0,16,16,2,3,0.0,0.0,0.0,0.0,0,0,0,0
720575940623046548,intrinsic,CX,,83.0,11,11,2,3,0.0,0.0,0.0,0.0,0,0,0,0
720575940645057828,intrinsic,CX,,83.0,36,36,2,2,0.0,0.0,0.0,0.0,0,0,0,0
720575940613829900,intrinsic,CX,,82.0,13,13,2,3,0.0,0.0,0.0,0.0,0,0,0,0
720575940630199963,intrinsic,CX,,82.0,13,13,2,2,0.0,0.0,0.0,0.0,0,0,0,0
720575940642634532,intrinsic,CX,,81.0,15,15,2,2,0.0,0.0,0.0,0.0,0,0,0,0
720575940635427982,intrinsic,CX,,81.0,11,11,2,2,0.0,0.0,0.0,0.0,0,0,0,0
720575940621502157,intrinsic,CX,,81.0,14,14,2,3,0.0,0.0,0.0,0.0,0,0,0,0
720575940612937073,intrinsic,CX,,81.0,33,33,1,3,2.0,2.0,0.0,2.0,0,0,0,0
720575940608722371,intrinsic,CX,,81.0,12,12,2,3,0.0,0.0,0.0,0.0,0,0,0,0
720575940631125036,intrinsic,CX,,80.0,18,18,2,2,0.0,0.0,0.0,0.0,0,0,0,0
720575940632614295,intrinsic,CX,,80.0,11,11,2,2,0.0,0.0,0.0,0.0,0,0,0,0
720575940633538724,intrinsic,CX,,78.0,13,13,2,3,0.0,0.0,0.0,0.0,0,0,0,0
720575940609924875,intrinsic,CX,,77.0,12,12,2,3,0.0,0.0,0.0,0.0,0,0,0,0
720575940622772137,intrinsic,CX,,77.0,16,16,2,2,0.0,0.0,0.0,0.0,0,0,0,0
720575940624784280,intrinsic,CX,,75.0,12,12,2,2,0.0,0.0,0.0,0.0,0,0,0,0
720575940625351354,intrinsic,CX,,74.0,12,12,2,2,0.0,0.0,0.0,0.0,0,0,0,0
720575940625653223,intrinsic,CX,ExR2_1,74.0,40,40,1,3,2.0,2.0,2.0,2.0,0,0,0,0
720575940660921985,intrinsic,CX,,74.0,11,11,2,2,0.0,0.0,0.0,0.0,0,0,0,0
720575940604801993,intrinsic,CX,,72.0,12,12,2,2,0.0,0.0,0.0,0.0,0,0,0,0
720575940610453427,intrinsic,CX,,71.0,13,13,2,2,0.0,0.0,0.0,0.0,0,0,0,0
720575940622364771,intrinsic,CX,,71.0,11,11,2,3,0.0,0.0,0.0,0.0,0,0,0,0
720575940620020694,intrinsic,CX,,70.0,10,10,2,2,0.0,0.0,0.0,0.0,0,0,0,0
720575940626137895,intrinsic,CX,,70.0,13,13,2,3,0.0,0.0,0.0,0.0,0,0,0,0
720575940633719487,intrinsic,CX,,64.0,12,12,2,3,0.0,0.0,0.0,0.0,0,0,0,0
720575940623852873,intrinsic,CX,,63.0,11,11,2,3,0.0,0.0,0.0,0.0,0,0,0,0
720575940605827761,intrinsic,CX,,62.0,10,10,2,2,0.0,0.0,0.0,0.0,0,0,0,0
720575940616569601,intrinsic,CX,,62.0,12,12,2,2,0.0,0.0,0.0,0.0,0,0,0,0
720575940618612952,intrinsic,CX,,59.0,12,12,2,2,0.0,0.0,0.0,0.0,0,0,0,0
720575940619296365,intrinsic,CX,,59.0,12,12,2,2,0.0,0.0,0.0,0.0,0,0,0,0
720575940610901930,intrinsic,CX,,56.0,12,12,2,2,0.0,0.0,0.0,0.0,0,0,0,0
720575940611216099,intrinsic,CX,,55.0,14,14,2,2,0.0,0.0,0.0,0.0,0,0,0,0
720575940650785401,intrinsic,CX,,54.0,27,27,2,3,0.0,0.0,0.0,0.0,0,0,0,0
720575940635978926,intrinsic,CX,,54.0,10,10,2,3,0.0,0.0,0.0,0.0,0,0,0,0
720575940610980932,intrinsic,CX,,52.0,28,28,1,2,6.0,80.0,-64.0,6.0,0,0,0,0
720575940636730694,intrinsic,CX,,50.0,11,11,2,2,0.0,0.0,0.0,0.0,0,0,0,0
720575940631990359,intrinsic,CX,,48.0,8,8,2,2,0.0,0.0,0.0,0.0,0,0,0,0
720575940616616166,intrinsic,CX,,44.0,8,8,2,3,0.0,0.0,0.0,0.0,0,0,0,0
720575940617752537,intrinsic,CX,,41.0,13,13,2,3,0.0,0.0,0.0,0.0,0,0,0,0
720575940619845547,intrinsic,CX,ExR2_2,41.0,28,28,1,3,9.0,14.0,6.0,9.0,0,0,0,0
720575940629459441,intrinsic,CX,,39.0,10,10,2,3,0.0,0.0,0.0,0.0,0,0,0,0
720575940623973837,intrinsic,CX,,38.0,12,12,2,3,0.0,0.0,0.0,0.0,0,0,0,0
720575940624323475,intrinsic,CX,ExR2_2,38.0,25,25,1,3,4.0,6.0,2.0,4.0,0,0,0,0
720575940626721835,intrinsic,CX,,35.0,9,9,2,3,0.0,0.0,0.0,0.0,0,0,0,0
